Model: ,Oscilloscope DSO-X 1102G
Serial Number:,CN57246464
Address: ,USBInstrument3
Date: ,2026-09-28 15:38:04

Sample Number,Time (s),1 (VOLT),2 (VOLT),
1,-0.25,4.62311561405659,7.23618096113205,
2,-0.249744,4.62311561405659,7.03517593443394,
3,-0.249488,4.8241206407547,7.23618096113205,
4,-0.249232,4.8241206407547,7.03517593443394,
5,-0.248976,5.02512566745281,7.23618096113205,
6,-0.24872,5.02512566745281,7.03517593443394,
7,-0.248464,4.62311561405659,7.23618096113205,
8,-0.248208,4.8241206407547,7.03517593443394,
9,-0.247952,4.8241206407547,7.03517593443394,
10,-0.247696,4.8241206407547,7.03517593443394,
11,-0.24744,4.8241206407547,7.43718598783016,
12,-0.247184,4.8241206407547,7.23618096113205,
13,-0.246928,5.02512566745281,7.03517593443394,
14,-0.246672,0,7.23618096113205,
15,-0.246416,0,7.03517593443394,
16,-0.24616,-0.201005026698112,6.83417090773582,
17,-0.245904,0,6.63316588103771,
18,-0.245648,-0.201005026698112,6.4321608543396,
19,-0.245392,-0.402010053396225,6.23115582764149,
20,-0.245136,-0.402010053396225,6.23115582764149,
21,-0.24488,-0.201005026698112,5.82914577424526,
22,-0.244624,-0.402010053396225,5.22613069415092,
23,-0.244368,0,5.02512566745281,
24,-0.244112,-0.603015080094337,5.02512566745281,
25,-0.243856,-0.201005026698112,4.62311561405659,
26,-0.2436,0,4.02010053396225,
27,-0.243344,-0.201005026698112,4.02010053396225,
28,-0.243088,-0.201005026698112,4.02010053396225,
29,-0.242832,-0.201005026698112,3.81909550726414,
30,-0.242576,-0.201005026698112,3.41708545386791,
31,-0.24232,-0.201005026698112,3.2160804271698,
32,-0.242064,-0.201005026698112,2.81407037377357,
33,-0.241808,-0.201005026698112,2.81407037377357,
34,-0.241552,-0.402010053396225,3.01507540047169,
35,-0.241296,0,2.61306534707546,
36,-0.24104,-0.201005026698112,2.41206032037735,
37,-0.240784,-0.402010053396225,2.21105529367924,
38,-0.240528,0,2.21105529367924,
39,-0.240272,0,2.21105529367924,
40,-0.240016,-0.201005026698112,2.01005026698112,
41,-0.23976,-0.201005026698112,2.01005026698112,
42,-0.239504,-0.402010053396225,1.6080402135849,
43,-0.239248,-0.201005026698112,1.40703518688679,
44,-0.238992,-0.201005026698112,1.6080402135849,
45,-0.238736,-0.402010053396225,1.40703518688679,
46,-0.23848,-0.201005026698112,1.40703518688679,
47,-0.238224,-0.201005026698112,1.00502513349056,
48,-0.237968,-0.201005026698112,1.20603016018867,
49,-0.237712,-0.201005026698112,1.20603016018867,
50,-0.237456,-0.201005026698112,1.20603016018867,
51,-0.2372,0.201005026698112,0.80402010679245,
52,-0.236944,0,0.80402010679245,
53,-0.236688,0,0.80402010679245,
54,-0.236432,0,0.80402010679245,
55,-0.236176,-0.201005026698112,0.603015080094337,
56,-0.23592,0,0.603015080094337,
57,-0.235664,-0.201005026698112,0.80402010679245,
58,-0.235408,-0.201005026698112,0.603015080094337,
59,-0.235152,-0.201005026698112,0.603015080094337,
60,-0.234896,-0.201005026698112,0.402010053396225,
61,-0.23464,-0.201005026698112,0.603015080094337,
62,-0.234384,0,0.201005026698112,
63,-0.234128,-0.201005026698112,0.603015080094337,
64,-0.233872,-0.201005026698112,0.402010053396225,
65,-0.233616,-0.201005026698112,0.402010053396225,
66,-0.23336,-0.201005026698112,0.402010053396225,
67,-0.233104,-0.201005026698112,0.402010053396225,
68,-0.232848,-0.201005026698112,0,
69,-0.232592,0,0.201005026698112,
70,-0.232336,-0.402010053396225,0.201005026698112,
71,-0.23208,-0.402010053396225,0.201005026698112,
72,-0.231824,-0.201005026698112,0.201005026698112,
73,-0.231568,-0.201005026698112,0.402010053396225,
74,-0.231312,0,0,
75,-0.231056,-0.201005026698112,0.201005026698112,
76,-0.2308,-0.201005026698112,0.201005026698112,
77,-0.230544,-0.201005026698112,0,
78,-0.230288,-0.201005026698112,0,
79,-0.230032,0,-0.201005026698112,
80,-0.229776,-0.201005026698112,0,
81,-0.22952,-0.201005026698112,0.201005026698112,
82,-0.229264,-0.201005026698112,0,
83,-0.229008,-0.201005026698112,0,
84,-0.228752,-0.201005026698112,0,
85,-0.228496,0,0,
86,-0.22824,0,0,
87,-0.227984,-0.201005026698112,0,
88,-0.227728,0,0,
89,-0.227472,-0.201005026698112,0,
90,-0.227216,-0.201005026698112,0,
91,-0.22696,0,0,
92,-0.226704,0,0,
93,-0.226448,-0.201005026698112,-0.201005026698112,
94,-0.226192,0,0,
95,-0.225936,0,0,
96,-0.22568,-0.201005026698112,0,
97,-0.225424,-0.402010053396225,-0.201005026698112,
98,-0.225168,-0.402010053396225,0,
99,-0.224912,-0.201005026698112,0,
100,-0.224656,-0.402010053396225,0,
101,-0.2244,-0.402010053396225,-0.201005026698112,
102,-0.224144,0,-0.201005026698112,
103,-0.223888,-0.402010053396225,-0.201005026698112,
104,-0.223632,0,0,
105,-0.223376,-0.402010053396225,0,
106,-0.22312,-0.402010053396225,-0.201005026698112,
107,-0.222864,-0.603015080094337,-0.201005026698112,
108,-0.222608,-0.201005026698112,-0.201005026698112,
109,-0.222352,-0.402010053396225,-0.201005026698112,
110,-0.222096,-0.402010053396225,0,
111,-0.22184,-0.201005026698112,0,
112,-0.221584,-0.201005026698112,-0.201005026698112,
113,-0.221328,-0.201005026698112,-0.201005026698112,
114,-0.221072,0,-0.402010053396225,
115,-0.220816,0,-0.201005026698112,
116,-0.22056,-0.402010053396225,-0.201005026698112,
117,-0.220304,-0.201005026698112,0,
118,-0.220048,-0.402010053396225,-0.201005026698112,
119,-0.219792,-0.201005026698112,-0.201005026698112,
120,-0.219536,-0.402010053396225,0,
121,-0.21928,0,0,
122,-0.219024,0,-0.201005026698112,
123,-0.218768,-0.402010053396225,0,
124,-0.218512,-0.201005026698112,-0.201005026698112,
125,-0.218256,-0.201005026698112,-0.201005026698112,
126,-0.218,0,-0.201005026698112,
127,-0.217744,0,-0.201005026698112,
128,-0.217488,-0.201005026698112,-0.201005026698112,
129,-0.217232,-0.402010053396225,-0.201005026698112,
130,-0.216976,-0.201005026698112,-0.201005026698112,
131,-0.21672,-0.201005026698112,-0.201005026698112,
132,-0.216464,-0.201005026698112,-0.201005026698112,
133,-0.216208,0,0,
134,-0.215952,-0.201005026698112,0,
135,-0.215696,-0.201005026698112,0,
136,-0.21544,-0.402010053396225,-0.201005026698112,
137,-0.215184,0,-0.201005026698112,
138,-0.214928,-0.402010053396225,-0.201005026698112,
139,-0.214672,0,-0.201005026698112,
140,-0.214416,-0.402010053396225,-0.201005026698112,
141,-0.21416,-0.201005026698112,-0.201005026698112,
142,-0.213904,-0.201005026698112,-0.201005026698112,
143,-0.213648,-0.201005026698112,-0.402010053396225,
144,-0.213392,-0.201005026698112,0,
145,-0.213136,-0.201005026698112,-0.201005026698112,
146,-0.21288,-0.201005026698112,-0.201005026698112,
147,-0.212624,-0.402010053396225,0,
148,-0.212368,-0.201005026698112,-0.201005026698112,
149,-0.212112,-0.201005026698112,-0.201005026698112,
150,-0.211856,-0.201005026698112,-0.201005026698112,
151,-0.2116,-0.201005026698112,-0.201005026698112,
152,-0.211344,-0.402010053396225,-0.201005026698112,
153,-0.211088,-0.201005026698112,-0.201005026698112,
154,-0.210832,-0.402010053396225,0,
155,-0.210576,-0.201005026698112,-0.402010053396225,
156,-0.21032,0,-0.201005026698112,
157,-0.210064,-0.201005026698112,-0.201005026698112,
158,-0.209808,-0.402010053396225,-0.201005026698112,
159,-0.209552,-0.201005026698112,0,
160,-0.209296,-0.402010053396225,0,
161,-0.20904,-0.201005026698112,-0.201005026698112,
162,-0.208784,-0.201005026698112,0,
163,-0.208528,-0.201005026698112,-0.201005026698112,
164,-0.208272,-0.402010053396225,-0.201005026698112,
165,-0.208016,-0.201005026698112,-0.201005026698112,
166,-0.20776,-0.201005026698112,0,
167,-0.207504,-0.402010053396225,-0.201005026698112,
168,-0.207248,-0.201005026698112,-0.201005026698112,
169,-0.206992,-0.201005026698112,-0.201005026698112,
170,-0.206736,-0.402010053396225,-0.201005026698112,
171,-0.20648,0,-0.201005026698112,
172,-0.206224,-0.201005026698112,-0.201005026698112,
173,-0.205968,-0.201005026698112,0,
174,-0.205712,-0.201005026698112,-0.402010053396225,
175,-0.205456,0,-0.201005026698112,
176,-0.2052,0,-0.201005026698112,
177,-0.204944,-0.402010053396225,-0.201005026698112,
178,-0.204688,0,-0.201005026698112,
179,-0.204432,-0.402010053396225,-0.402010053396225,
180,-0.204176,-0.201005026698112,-0.402010053396225,
181,-0.20392,-0.402010053396225,-0.201005026698112,
182,-0.203664,-0.201005026698112,-0.201005026698112,
183,-0.203408,-0.402010053396225,-0.201005026698112,
184,-0.203152,-0.201005026698112,-0.402010053396225,
185,-0.202896,-0.201005026698112,0,
186,-0.20264,-0.201005026698112,0,
187,-0.202384,0,0,
188,-0.202128,-0.201005026698112,-0.201005026698112,
189,-0.201872,-0.201005026698112,0,
190,-0.201616,-0.201005026698112,-0.201005026698112,
191,-0.20136,-0.201005026698112,-0.201005026698112,
192,-0.201104,-0.402010053396225,0,
193,-0.200848,-0.402010053396225,0,
194,-0.200592,-0.201005026698112,-0.201005026698112,
195,-0.200336,-0.402010053396225,-0.201005026698112,
196,-0.20008,-0.201005026698112,0,
197,-0.199824,0,-0.201005026698112,
198,-0.199568,-0.402010053396225,-0.201005026698112,
199,-0.199312,-0.402010053396225,-0.201005026698112,
200,-0.199056,0,-0.201005026698112,
201,-0.1988,-0.201005026698112,0,
202,-0.198544,-0.201005026698112,0,
203,-0.198288,-0.402010053396225,-0.201005026698112,
204,-0.198032,0,-0.201005026698112,
205,-0.197776,-0.201005026698112,-0.201005026698112,
206,-0.19752,-0.402010053396225,0.201005026698112,
207,-0.197264,-0.201005026698112,-0.201005026698112,
208,-0.197008,-0.201005026698112,-0.201005026698112,
209,-0.196752,-0.201005026698112,-0.201005026698112,
210,-0.196496,-0.402010053396225,-0.201005026698112,
211,-0.19624,-0.201005026698112,-0.201005026698112,
212,-0.195984,-0.201005026698112,-0.201005026698112,
213,-0.195728,-0.201005026698112,-0.201005026698112,
214,-0.195472,-0.201005026698112,-0.201005026698112,
215,-0.195216,-0.201005026698112,-0.201005026698112,
216,-0.19496,-0.402010053396225,-0.201005026698112,
217,-0.194704,-0.201005026698112,-0.201005026698112,
218,-0.194448,0,0,
219,-0.194192,-0.201005026698112,-0.201005026698112,
220,-0.193936,-0.201005026698112,0,
221,-0.19368,0,0,
222,-0.193424,-0.201005026698112,-0.201005026698112,
223,-0.193168,-0.201005026698112,0,
224,-0.192912,-0.201005026698112,-0.402010053396225,
225,-0.192656,-0.402010053396225,-0.201005026698112,
226,-0.1924,0,-0.402010053396225,
227,-0.192144,0,-0.201005026698112,
228,-0.191888,-0.201005026698112,-0.201005026698112,
229,-0.191632,-0.402010053396225,0,
230,-0.191376,0,-0.402010053396225,
231,-0.19112,-0.201005026698112,-0.402010053396225,
232,-0.190864,-0.201005026698112,-0.402010053396225,
233,-0.190608,-0.402010053396225,-0.402010053396225,
234,-0.190352,-0.402010053396225,-0.201005026698112,
235,-0.190096,0.201005026698112,-0.201005026698112,
236,-0.18984,-0.201005026698112,-0.201005026698112,
237,-0.189584,-0.201005026698112,-0.402010053396225,
238,-0.189328,-0.201005026698112,0,
239,-0.189072,-0.201005026698112,-0.201005026698112,
240,-0.188816,-0.201005026698112,0,
241,-0.18856,-0.201005026698112,0,
242,-0.188304,-0.402010053396225,-0.201005026698112,
243,-0.188048,-0.201005026698112,-0.201005026698112,
244,-0.187792,0,-0.402010053396225,
245,-0.187536,-0.201005026698112,-0.201005026698112,
246,-0.18728,-0.201005026698112,-0.402010053396225,
247,-0.187024,0,-0.201005026698112,
248,-0.186768,-0.402010053396225,-0.402010053396225,
249,-0.186512,-0.402010053396225,-0.201005026698112,
250,-0.186256,0,-0.201005026698112,
251,-0.186,0,-0.201005026698112,
252,-0.185744,0,-0.402010053396225,
253,-0.185488,-0.201005026698112,-0.201005026698112,
254,-0.185232,-0.402010053396225,-0.201005026698112,
255,-0.184976,-0.201005026698112,-0.402010053396225,
256,-0.18472,-0.201005026698112,-0.201005026698112,
257,-0.184464,-0.201005026698112,-0.201005026698112,
258,-0.184208,-0.201005026698112,0,
259,-0.183952,-0.201005026698112,0,
260,-0.183696,0,-0.201005026698112,
261,-0.18344,-0.201005026698112,-0.201005026698112,
262,-0.183184,0,-0.201005026698112,
263,-0.182928,-0.201005026698112,-0.201005026698112,
264,-0.182672,0.201005026698112,0,
265,-0.182416,-0.402010053396225,0,
266,-0.18216,0,-0.201005026698112,
267,-0.181904,-0.402010053396225,-0.201005026698112,
268,-0.181648,-0.201005026698112,-0.402010053396225,
269,-0.181392,-0.201005026698112,-0.201005026698112,
270,-0.181136,-0.201005026698112,-0.201005026698112,
271,-0.18088,-0.402010053396225,-0.402010053396225,
272,-0.180624,-0.201005026698112,0,
273,-0.180368,-0.201005026698112,-0.201005026698112,
274,-0.180112,-0.201005026698112,-0.201005026698112,
275,-0.179856,-0.201005026698112,-0.201005026698112,
276,-0.1796,-0.201005026698112,-0.201005026698112,
277,-0.179344,-0.201005026698112,-0.201005026698112,
278,-0.179088,-0.201005026698112,-0.201005026698112,
279,-0.178832,-0.201005026698112,-0.201005026698112,
280,-0.178576,-0.201005026698112,-0.201005026698112,
281,-0.17832,0,-0.201005026698112,
282,-0.178064,0,-0.402010053396225,
283,-0.177808,0,0,
284,-0.177552,-0.201005026698112,0,
285,-0.177296,-0.201005026698112,-0.201005026698112,
286,-0.17704,-0.402010053396225,-0.402010053396225,
287,-0.176784,0,-0.201005026698112,
288,-0.176528,-0.201005026698112,0,
289,-0.176272,-0.201005026698112,0,
290,-0.176016,-0.201005026698112,-0.201005026698112,
291,-0.17576,0,-0.201005026698112,
292,-0.175504,0,-0.201005026698112,
293,-0.175248,0,-0.201005026698112,
294,-0.174992,-0.201005026698112,-0.201005026698112,
295,-0.174736,-0.402010053396225,0,
296,-0.17448,-0.201005026698112,-0.201005026698112,
297,-0.174224,-0.402010053396225,-0.201005026698112,
298,-0.173968,0,-0.201005026698112,
299,-0.173712,-0.201005026698112,-0.201005026698112,
300,-0.173456,-0.201005026698112,-0.201005026698112,
301,-0.1732,-0.402010053396225,0,
302,-0.172944,-0.201005026698112,0,
303,-0.172688,-0.201005026698112,-0.201005026698112,
304,-0.172432,-0.402010053396225,0,
305,-0.172176,-0.201005026698112,-0.402010053396225,
306,-0.17192,-0.402010053396225,0,
307,-0.171664,0,-0.201005026698112,
308,-0.171408,-0.402010053396225,0,
309,-0.171152,-0.201005026698112,-0.201005026698112,
310,-0.170896,-0.201005026698112,-0.402010053396225,
311,-0.17064,-0.201005026698112,0,
312,-0.170384,-0.201005026698112,-0.201005026698112,
313,-0.170128,-0.603015080094337,-0.201005026698112,
314,-0.169872,-0.201005026698112,-0.201005026698112,
315,-0.169616,-0.201005026698112,-0.201005026698112,
316,-0.16936,-0.201005026698112,-0.201005026698112,
317,-0.169104,-0.201005026698112,0,
318,-0.168848,-0.201005026698112,-0.201005026698112,
319,-0.168592,0,-0.201005026698112,
320,-0.168336,-0.402010053396225,-0.201005026698112,
321,-0.16808,-0.201005026698112,-0.201005026698112,
322,-0.167824,-0.201005026698112,-0.201005026698112,
323,-0.167568,-0.201005026698112,-0.201005026698112,
324,-0.167312,0,-0.201005026698112,
325,-0.167056,-0.201005026698112,-0.201005026698112,
326,-0.1668,-0.201005026698112,0,
327,-0.166544,-0.201005026698112,-0.201005026698112,
328,-0.166288,-0.201005026698112,0,
329,-0.166032,-0.201005026698112,-0.201005026698112,
330,-0.165776,-0.201005026698112,-0.402010053396225,
331,-0.16552,0,-0.201005026698112,
332,-0.165264,0,-0.201005026698112,
333,-0.165008,-0.201005026698112,0,
334,-0.164752,-0.201005026698112,-0.201005026698112,
335,-0.164496,0,-0.201005026698112,
336,-0.16424,-0.201005026698112,-0.201005026698112,
337,-0.163984,-0.201005026698112,-0.201005026698112,
338,-0.163728,-0.201005026698112,0,
339,-0.163472,-0.402010053396225,-0.402010053396225,
340,-0.163216,-0.201005026698112,-0.201005026698112,
341,-0.16296,-0.402010053396225,-0.201005026698112,
342,-0.162704,-0.201005026698112,-0.402010053396225,
343,-0.162448,-0.201005026698112,-0.201005026698112,
344,-0.162192,-0.201005026698112,-0.201005026698112,
345,-0.161936,-0.201005026698112,-0.201005026698112,
346,-0.16168,-0.402010053396225,-0.201005026698112,
347,-0.161424,-0.201005026698112,-0.402010053396225,
348,-0.161168,0,-0.201005026698112,
349,-0.160912,-0.201005026698112,-0.402010053396225,
350,-0.160656,-0.402010053396225,-0.402010053396225,
351,-0.1604,-0.201005026698112,-0.201005026698112,
352,-0.160144,-0.201005026698112,-0.201005026698112,
353,-0.159888,-0.201005026698112,-0.201005026698112,
354,-0.159632,-0.201005026698112,-0.201005026698112,
355,-0.159376,-0.201005026698112,0,
356,-0.15912,-0.201005026698112,-0.201005026698112,
357,-0.158864,0,-0.201005026698112,
358,-0.158608,0,0,
359,-0.158352,-0.201005026698112,0,
360,-0.158096,0,-0.201005026698112,
361,-0.15784,0,0,
362,-0.157584,0,-0.201005026698112,
363,-0.157328,-0.402010053396225,-0.201005026698112,
364,-0.157072,-0.201005026698112,-0.201005026698112,
365,-0.156816,-0.201005026698112,-0.201005026698112,
366,-0.15656,-0.201005026698112,-0.402010053396225,
367,-0.156304,-0.201005026698112,0,
368,-0.156048,0,0,
369,-0.155792,-0.201005026698112,-0.201005026698112,
370,-0.155536,-0.402010053396225,-0.201005026698112,
371,-0.15528,-0.201005026698112,0,
372,-0.155024,-0.402010053396225,-0.402010053396225,
373,-0.154768,-0.201005026698112,-0.201005026698112,
374,-0.154512,-0.201005026698112,-0.201005026698112,
375,-0.154256,0,0,
376,-0.154,-0.201005026698112,-0.201005026698112,
377,-0.153744,-0.201005026698112,-0.201005026698112,
378,-0.153488,-0.603015080094337,-0.201005026698112,
379,-0.153232,-0.603015080094337,-0.201005026698112,
380,-0.152976,-0.201005026698112,-0.201005026698112,
381,-0.15272,0,-0.201005026698112,
382,-0.152464,0,-0.201005026698112,
383,-0.152208,-0.402010053396225,0,
384,-0.151952,0,-0.201005026698112,
385,-0.151696,-0.201005026698112,-0.201005026698112,
386,-0.15144,-0.402010053396225,-0.201005026698112,
387,-0.151184,-0.201005026698112,-0.201005026698112,
388,-0.150928,-0.201005026698112,-0.201005026698112,
389,-0.150672,-0.201005026698112,-0.201005026698112,
390,-0.150416,-0.201005026698112,-0.201005026698112,
391,-0.15016,-0.201005026698112,-0.201005026698112,
392,-0.149904,-0.201005026698112,-0.201005026698112,
393,-0.149648,-0.201005026698112,-0.201005026698112,
394,-0.149392,-0.201005026698112,-0.201005026698112,
395,-0.149136,-0.201005026698112,-0.201005026698112,
396,-0.14888,-0.603015080094337,-0.201005026698112,
397,-0.148624,-0.201005026698112,-0.201005026698112,
398,-0.148368,0,0,
399,-0.148112,-0.402010053396225,-0.201005026698112,
400,-0.147856,-0.201005026698112,0,
401,-0.1476,-0.201005026698112,-0.201005026698112,
402,-0.147344,0,-0.201005026698112,
403,-0.147088,-0.201005026698112,-0.201005026698112,
404,-0.146832,4.62311561405659,-0.402010053396225,
405,-0.146576,4.62311561405659,-0.201005026698112,
406,-0.14632,4.8241206407547,0.201005026698112,
407,-0.146064,4.8241206407547,0.402010053396225,
408,-0.145808,4.62311561405659,0.402010053396225,
409,-0.145552,4.8241206407547,0.603015080094337,
410,-0.145296,4.8241206407547,0.80402010679245,
411,-0.14504,5.02512566745281,1.20603016018867,
412,-0.144784,4.62311561405659,1.40703518688679,
413,-0.144528,4.62311561405659,1.80904524028301,
414,-0.144272,4.62311561405659,1.80904524028301,
415,-0.144016,4.62311561405659,2.21105529367924,
416,-0.14376,4.8241206407547,2.41206032037735,
417,-0.143504,4.8241206407547,2.81407037377357,
418,-0.143248,4.8241206407547,2.81407037377357,
419,-0.142992,5.02512566745281,3.2160804271698,
420,-0.142736,4.62311561405659,3.41708545386791,
421,-0.14248,4.62311561405659,3.41708545386791,
422,-0.142224,4.8241206407547,3.61809048056602,
423,-0.141968,4.62311561405659,3.81909550726414,
424,-0.141712,4.62311561405659,4.02010053396225,
425,-0.141456,5.02512566745281,4.22110556066036,
426,-0.1412,5.02512566745281,4.42211058735847,
427,-0.140944,5.02512566745281,4.42211058735847,
428,-0.140688,5.02512566745281,4.62311561405659,
429,-0.140432,4.8241206407547,4.8241206407547,
430,-0.140176,4.8241206407547,5.02512566745281,
431,-0.13992,4.8241206407547,5.02512566745281,
432,-0.139664,4.8241206407547,5.22613069415092,
433,-0.139408,4.8241206407547,5.42713572084904,
434,-0.139152,4.8241206407547,5.42713572084904,
435,-0.138896,4.8241206407547,5.22613069415092,
436,-0.13864,4.8241206407547,5.42713572084904,
437,-0.138384,5.02512566745281,5.62814074754715,
438,-0.138128,4.62311561405659,5.62814074754715,
439,-0.137872,4.8241206407547,6.03015080094337,
440,-0.137616,4.42211058735847,5.82914577424526,
441,-0.13736,4.8241206407547,5.62814074754715,
442,-0.137104,4.62311561405659,6.03015080094337,
443,-0.136848,4.62311561405659,6.03015080094337,
444,-0.136592,5.02512566745281,6.4321608543396,
445,-0.136336,5.02512566745281,6.03015080094337,
446,-0.13608,4.8241206407547,6.23115582764149,
447,-0.135824,5.22613069415092,6.4321608543396,
448,-0.135568,4.62311561405659,6.23115582764149,
449,-0.135312,5.02512566745281,6.4321608543396,
450,-0.135056,4.8241206407547,6.4321608543396,
451,-0.1348,4.62311561405659,6.4321608543396,
452,-0.134544,4.8241206407547,6.4321608543396,
453,-0.134288,4.8241206407547,6.4321608543396,
454,-0.134032,4.8241206407547,6.4321608543396,
455,-0.133776,4.62311561405659,6.4321608543396,
456,-0.13352,4.8241206407547,6.23115582764149,
457,-0.133264,4.8241206407547,6.4321608543396,
458,-0.133008,4.8241206407547,6.63316588103771,
459,-0.132752,4.62311561405659,6.63316588103771,
460,-0.132496,5.02512566745281,6.63316588103771,
461,-0.13224,4.62311561405659,6.83417090773582,
462,-0.131984,4.62311561405659,6.83417090773582,
463,-0.131728,4.8241206407547,6.83417090773582,
464,-0.131472,4.42211058735847,6.83417090773582,
465,-0.131216,4.62311561405659,7.03517593443394,
466,-0.13096,4.62311561405659,6.63316588103771,
467,-0.130704,4.62311561405659,6.83417090773582,
468,-0.130448,4.8241206407547,7.23618096113205,
469,-0.130192,5.02512566745281,7.03517593443394,
470,-0.129936,4.62311561405659,6.83417090773582,
471,-0.12968,4.62311561405659,7.03517593443394,
472,-0.129424,4.62311561405659,7.03517593443394,
473,-0.129168,5.02512566745281,7.03517593443394,
474,-0.128912,4.8241206407547,6.83417090773582,
475,-0.128656,4.8241206407547,7.03517593443394,
476,-0.1284,4.62311561405659,6.83417090773582,
477,-0.128144,4.8241206407547,6.83417090773582,
478,-0.127888,4.8241206407547,7.23618096113205,
479,-0.127632,4.62311561405659,7.03517593443394,
480,-0.127376,4.62311561405659,6.83417090773582,
481,-0.12712,4.8241206407547,6.83417090773582,
482,-0.126864,5.02512566745281,7.03517593443394,
483,-0.126608,4.8241206407547,6.83417090773582,
484,-0.126352,5.02512566745281,7.03517593443394,
485,-0.126096,4.8241206407547,7.03517593443394,
486,-0.12584,5.02512566745281,6.83417090773582,
487,-0.125584,4.62311561405659,7.03517593443394,
488,-0.125328,4.8241206407547,7.03517593443394,
489,-0.125072,5.02512566745281,7.03517593443394,
490,-0.124816,4.62311561405659,7.03517593443394,
491,-0.12456,4.8241206407547,7.03517593443394,
492,-0.124304,4.8241206407547,7.23618096113205,
493,-0.124048,4.8241206407547,7.03517593443394,
494,-0.123792,5.02512566745281,7.23618096113205,
495,-0.123536,4.8241206407547,7.23618096113205,
496,-0.12328,4.8241206407547,7.23618096113205,
497,-0.123024,4.8241206407547,7.03517593443394,
498,-0.122768,4.8241206407547,7.03517593443394,
499,-0.122512,4.8241206407547,7.03517593443394,
500,-0.122256,4.8241206407547,6.83417090773582,
501,-0.122,4.62311561405659,7.23618096113205,
502,-0.121744,4.8241206407547,7.03517593443394,
503,-0.121488,5.02512566745281,7.03517593443394,
504,-0.121232,4.8241206407547,7.03517593443394,
505,-0.120976,4.62311561405659,7.03517593443394,
506,-0.12072,4.62311561405659,7.03517593443394,
507,-0.120464,5.02512566745281,7.23618096113205,
508,-0.120208,4.8241206407547,7.03517593443394,
509,-0.119952,5.02512566745281,7.03517593443394,
510,-0.119696,4.8241206407547,7.03517593443394,
511,-0.11944,4.62311561405659,7.23618096113205,
512,-0.119184,4.8241206407547,7.03517593443394,
513,-0.118928,4.8241206407547,7.03517593443394,
514,-0.118672,4.8241206407547,7.03517593443394,
515,-0.118416,4.62311561405659,7.03517593443394,
516,-0.11816,4.62311561405659,7.23618096113205,
517,-0.117904,4.62311561405659,7.23618096113205,
518,-0.117648,5.02512566745281,7.43718598783016,
519,-0.117392,4.8241206407547,7.03517593443394,
520,-0.117136,4.8241206407547,7.23618096113205,
521,-0.11688,4.8241206407547,7.03517593443394,
522,-0.116624,4.62311561405659,7.03517593443394,
523,-0.116368,4.8241206407547,7.03517593443394,
524,-0.116112,4.8241206407547,7.03517593443394,
525,-0.115856,4.8241206407547,7.03517593443394,
526,-0.1156,5.02512566745281,7.03517593443394,
527,-0.115344,4.42211058735847,7.23618096113205,
528,-0.115088,4.62311561405659,7.03517593443394,
529,-0.114832,4.8241206407547,7.23618096113205,
530,-0.114576,4.8241206407547,7.03517593443394,
531,-0.11432,4.8241206407547,6.83417090773582,
532,-0.114064,4.62311561405659,7.03517593443394,
533,-0.113808,5.22613069415092,7.03517593443394,
534,-0.113552,4.62311561405659,7.23618096113205,
535,-0.113296,4.8241206407547,7.03517593443394,
536,-0.11304,4.8241206407547,7.03517593443394,
537,-0.112784,4.62311561405659,7.23618096113205,
538,-0.112528,5.22613069415092,7.03517593443394,
539,-0.112272,4.8241206407547,7.23618096113205,
540,-0.112016,4.8241206407547,7.23618096113205,
541,-0.11176,4.8241206407547,6.83417090773582,
542,-0.111504,4.8241206407547,7.23618096113205,
543,-0.111248,5.02512566745281,7.43718598783016,
544,-0.110992,5.02512566745281,7.03517593443394,
545,-0.110736,5.02512566745281,7.03517593443394,
546,-0.11048,5.02512566745281,7.23618096113205,
547,-0.110224,4.8241206407547,7.03517593443394,
548,-0.109968,5.02512566745281,7.03517593443394,
549,-0.109712,4.8241206407547,7.23618096113205,
550,-0.109456,4.8241206407547,7.03517593443394,
551,-0.1092,4.8241206407547,6.83417090773582,
552,-0.108944,4.62311561405659,7.03517593443394,
553,-0.108688,4.8241206407547,7.43718598783016,
554,-0.108432,4.62311561405659,7.23618096113205,
555,-0.108176,4.62311561405659,7.23618096113205,
556,-0.10792,4.8241206407547,7.23618096113205,
557,-0.107664,4.8241206407547,7.23618096113205,
558,-0.107408,5.02512566745281,7.23618096113205,
559,-0.107152,4.8241206407547,7.03517593443394,
560,-0.106896,4.8241206407547,7.03517593443394,
561,-0.10664,4.62311561405659,7.23618096113205,
562,-0.106384,4.62311561405659,7.03517593443394,
563,-0.106128,4.8241206407547,7.03517593443394,
564,-0.105872,4.8241206407547,7.23618096113205,
565,-0.105616,4.62311561405659,7.43718598783016,
566,-0.10536,5.02512566745281,7.03517593443394,
567,-0.105104,5.02512566745281,7.03517593443394,
568,-0.104848,5.02512566745281,7.23618096113205,
569,-0.104592,5.02512566745281,7.03517593443394,
570,-0.104336,4.8241206407547,7.23618096113205,
571,-0.10408,4.8241206407547,7.03517593443394,
572,-0.103824,4.42211058735847,7.23618096113205,
573,-0.103568,4.8241206407547,7.23618096113205,
574,-0.103312,5.02512566745281,7.03517593443394,
575,-0.103056,5.02512566745281,7.23618096113205,
576,-0.1028,4.8241206407547,7.23618096113205,
577,-0.102544,5.02512566745281,7.03517593443394,
578,-0.102288,4.8241206407547,7.23618096113205,
579,-0.102032,5.02512566745281,7.23618096113205,
580,-0.101776,4.62311561405659,7.23618096113205,
581,-0.10152,5.02512566745281,7.23618096113205,
582,-0.101264,4.62311561405659,7.03517593443394,
583,-0.101008,5.02512566745281,7.23618096113205,
584,-0.100752,4.8241206407547,7.23618096113205,
585,-0.100496,4.8241206407547,7.03517593443394,
586,-0.10024,4.8241206407547,7.23618096113205,
587,-0.099984,4.8241206407547,7.03517593443394,
588,-0.099728,5.02512566745281,7.23618096113205,
589,-0.099472,4.8241206407547,6.83417090773582,
590,-0.099216,4.62311561405659,7.23618096113205,
591,-0.09896,4.8241206407547,7.23618096113205,
592,-0.098704,4.8241206407547,7.23618096113205,
593,-0.098448,4.62311561405659,7.03517593443394,
594,-0.098192,4.8241206407547,7.23618096113205,
595,-0.097936,4.8241206407547,7.03517593443394,
596,-0.09768,4.8241206407547,7.23618096113205,
597,-0.097424,5.02512566745281,7.03517593443394,
598,-0.097168,4.62311561405659,7.03517593443394,
599,-0.096912,4.8241206407547,7.23618096113205,
600,-0.096656,4.8241206407547,7.23618096113205,
601,-0.0964,4.8241206407547,6.83417090773582,
602,-0.096144,4.8241206407547,7.43718598783016,
603,-0.095888,4.62311561405659,7.23618096113205,
604,-0.095632,4.8241206407547,7.23618096113205,
605,-0.095376,4.8241206407547,7.03517593443394,
606,-0.09512,4.8241206407547,7.03517593443394,
607,-0.094864,4.62311561405659,7.03517593443394,
608,-0.094608,4.8241206407547,7.23618096113205,
609,-0.094352,4.62311561405659,7.23618096113205,
610,-0.094096,4.8241206407547,7.03517593443394,
611,-0.09384,4.8241206407547,7.23618096113205,
612,-0.093584,4.8241206407547,7.23618096113205,
613,-0.093328,4.8241206407547,7.03517593443394,
614,-0.093072,4.8241206407547,7.23618096113205,
615,-0.092816,4.62311561405659,7.23618096113205,
616,-0.09256,4.8241206407547,7.23618096113205,
617,-0.092304,4.8241206407547,7.23618096113205,
618,-0.092048,5.02512566745281,7.23618096113205,
619,-0.091792,4.8241206407547,7.23618096113205,
620,-0.091536,4.8241206407547,7.23618096113205,
621,-0.09128,4.62311561405659,7.03517593443394,
622,-0.091024,4.8241206407547,7.03517593443394,
623,-0.090768,4.8241206407547,7.03517593443394,
624,-0.090512,4.8241206407547,7.23618096113205,
625,-0.090256,4.8241206407547,7.23618096113205,
626,-0.09,4.8241206407547,7.03517593443394,
627,-0.089744,4.62311561405659,7.23618096113205,
628,-0.089488,4.8241206407547,7.03517593443394,
629,-0.089232,4.8241206407547,7.03517593443394,
630,-0.088976,4.62311561405659,7.23618096113205,
631,-0.08872,5.02512566745281,7.03517593443394,
632,-0.088464,5.02512566745281,7.23618096113205,
633,-0.088208,4.62311561405659,7.03517593443394,
634,-0.087952,5.02512566745281,7.43718598783016,
635,-0.087696,5.02512566745281,7.23618096113205,
636,-0.08744,4.8241206407547,7.23618096113205,
637,-0.087184,5.02512566745281,7.23618096113205,
638,-0.086928,4.62311561405659,7.03517593443394,
639,-0.086672,4.62311561405659,7.23618096113205,
640,-0.086416,4.8241206407547,7.03517593443394,
641,-0.08616,4.62311561405659,7.03517593443394,
642,-0.085904,5.22613069415092,7.23618096113205,
643,-0.085648,4.62311561405659,7.23618096113205,
644,-0.085392,4.8241206407547,7.03517593443394,
645,-0.085136,4.8241206407547,7.03517593443394,
646,-0.08488,4.8241206407547,7.23618096113205,
647,-0.084624,4.8241206407547,7.23618096113205,
648,-0.084368,4.62311561405659,6.83417090773582,
649,-0.084112,5.02512566745281,7.23618096113205,
650,-0.083856,4.62311561405659,7.23618096113205,
651,-0.0836,4.62311561405659,7.03517593443394,
652,-0.083344,4.62311561405659,7.03517593443394,
653,-0.083088,4.8241206407547,7.03517593443394,
654,-0.082832,4.8241206407547,7.23618096113205,
655,-0.082576,4.8241206407547,7.23618096113205,
656,-0.08232,5.02512566745281,7.43718598783016,
657,-0.082064,4.8241206407547,7.03517593443394,
658,-0.081808,4.8241206407547,7.23618096113205,
659,-0.081552,4.8241206407547,7.23618096113205,
660,-0.081296,4.8241206407547,7.23618096113205,
661,-0.08104,4.8241206407547,6.83417090773582,
662,-0.080784,5.02512566745281,7.43718598783016,
663,-0.080528,5.02512566745281,7.03517593443394,
664,-0.080272,4.8241206407547,7.03517593443394,
665,-0.080016,4.62311561405659,7.23618096113205,
666,-0.07976,4.8241206407547,7.23618096113205,
667,-0.079504,4.8241206407547,7.03517593443394,
668,-0.079248,4.8241206407547,7.23618096113205,
669,-0.078992,5.02512566745281,7.23618096113205,
670,-0.078736,4.8241206407547,7.03517593443394,
671,-0.07848,4.8241206407547,7.23618096113205,
672,-0.078224,4.8241206407547,7.03517593443394,
673,-0.077968,4.62311561405659,7.23618096113205,
674,-0.077712,4.62311561405659,7.03517593443394,
675,-0.077456,4.62311561405659,7.03517593443394,
676,-0.0772,5.02512566745281,7.23618096113205,
677,-0.076944,4.62311561405659,7.23618096113205,
678,-0.076688,4.62311561405659,7.23618096113205,
679,-0.076432,4.8241206407547,7.03517593443394,
680,-0.076176,4.8241206407547,7.23618096113205,
681,-0.07592,4.62311561405659,7.23618096113205,
682,-0.075664,4.8241206407547,7.03517593443394,
683,-0.075408,4.8241206407547,7.03517593443394,
684,-0.075152,4.62311561405659,7.43718598783016,
685,-0.074896,4.8241206407547,7.23618096113205,
686,-0.07464,4.8241206407547,7.03517593443394,
687,-0.074384,4.8241206407547,7.23618096113205,
688,-0.074128,4.8241206407547,6.83417090773582,
689,-0.073872,4.8241206407547,7.23618096113205,
690,-0.073616,4.8241206407547,7.23618096113205,
691,-0.07336,4.8241206407547,7.03517593443394,
692,-0.073104,4.8241206407547,7.23618096113205,
693,-0.072848,4.8241206407547,7.03517593443394,
694,-0.072592,4.8241206407547,7.03517593443394,
695,-0.072336,4.62311561405659,7.03517593443394,
696,-0.07208,4.8241206407547,7.03517593443394,
697,-0.071824,4.62311561405659,7.03517593443394,
698,-0.071568,4.8241206407547,7.03517593443394,
699,-0.071312,5.02512566745281,6.83417090773582,
700,-0.071056,4.8241206407547,7.23618096113205,
701,-0.0708,5.02512566745281,7.03517593443394,
702,-0.070544,4.8241206407547,7.23618096113205,
703,-0.070288,4.8241206407547,7.23618096113205,
704,-0.070032,4.8241206407547,7.23618096113205,
705,-0.069776,4.8241206407547,7.23618096113205,
706,-0.06952,4.8241206407547,6.83417090773582,
707,-0.069264,5.22613069415092,7.23618096113205,
708,-0.069008,4.62311561405659,7.23618096113205,
709,-0.068752,4.62311561405659,7.03517593443394,
710,-0.068496,4.8241206407547,7.23618096113205,
711,-0.06824,4.8241206407547,7.23618096113205,
712,-0.067984,4.8241206407547,7.03517593443394,
713,-0.067728,4.8241206407547,7.03517593443394,
714,-0.067472,4.8241206407547,7.03517593443394,
715,-0.067216,4.62311561405659,7.23618096113205,
716,-0.06696,4.8241206407547,7.03517593443394,
717,-0.066704,4.8241206407547,7.23618096113205,
718,-0.066448,4.62311561405659,7.23618096113205,
719,-0.066192,4.8241206407547,7.03517593443394,
720,-0.065936,4.62311561405659,7.03517593443394,
721,-0.06568,4.8241206407547,7.23618096113205,
722,-0.065424,4.62311561405659,7.03517593443394,
723,-0.065168,4.62311561405659,7.03517593443394,
724,-0.064912,4.62311561405659,6.83417090773582,
725,-0.064656,4.8241206407547,7.03517593443394,
726,-0.0644,4.8241206407547,7.23618096113205,
727,-0.064144,5.02512566745281,7.23618096113205,
728,-0.063888,4.8241206407547,7.03517593443394,
729,-0.063632,5.02512566745281,7.03517593443394,
730,-0.063376,4.8241206407547,7.23618096113205,
731,-0.06312,4.62311561405659,7.03517593443394,
732,-0.062864,5.02512566745281,7.03517593443394,
733,-0.062608,4.8241206407547,7.23618096113205,
734,-0.062352,4.62311561405659,7.23618096113205,
735,-0.062096,4.8241206407547,7.03517593443394,
736,-0.06184,4.8241206407547,7.23618096113205,
737,-0.061584,4.8241206407547,7.23618096113205,
738,-0.061328,5.02512566745281,7.03517593443394,
739,-0.061072,4.8241206407547,7.03517593443394,
740,-0.060816,4.8241206407547,7.03517593443394,
741,-0.06056,4.8241206407547,7.03517593443394,
742,-0.060304,4.8241206407547,7.03517593443394,
743,-0.060048,4.8241206407547,7.03517593443394,
744,-0.059792,4.8241206407547,7.23618096113205,
745,-0.059536,4.8241206407547,7.03517593443394,
746,-0.05928,4.62311561405659,7.23618096113205,
747,-0.059024,4.8241206407547,7.03517593443394,
748,-0.058768,4.62311561405659,7.03517593443394,
749,-0.058512,4.62311561405659,7.23618096113205,
750,-0.058256,4.8241206407547,7.23618096113205,
751,-0.058,4.62311561405659,7.03517593443394,
752,-0.057744,4.8241206407547,7.03517593443394,
753,-0.057488,4.62311561405659,7.03517593443394,
754,-0.057232,4.8241206407547,7.23618096113205,
755,-0.056976,4.8241206407547,7.23618096113205,
756,-0.05672,4.8241206407547,7.23618096113205,
757,-0.056464,4.8241206407547,7.03517593443394,
758,-0.056208,5.02512566745281,7.23618096113205,
759,-0.055952,5.02512566745281,7.23618096113205,
760,-0.055696,4.8241206407547,7.03517593443394,
761,-0.05544,4.62311561405659,7.23618096113205,
762,-0.055184,4.62311561405659,6.83417090773582,
763,-0.054928,5.02512566745281,7.23618096113205,
764,-0.054672,4.8241206407547,7.23618096113205,
765,-0.054416,5.02512566745281,7.03517593443394,
766,-0.05416,4.22110556066036,7.23618096113205,
767,-0.053904,4.8241206407547,7.23618096113205,
768,-0.053648,4.8241206407547,7.03517593443394,
769,-0.053392,4.62311561405659,7.03517593443394,
770,-0.053136,4.62311561405659,7.23618096113205,
771,-0.05288,4.62311561405659,7.03517593443394,
772,-0.052624,5.02512566745281,7.23618096113205,
773,-0.052368,4.62311561405659,7.03517593443394,
774,-0.052112,4.8241206407547,7.23618096113205,
775,-0.051856,5.02512566745281,7.03517593443394,
776,-0.0516,4.8241206407547,7.03517593443394,
777,-0.051344,4.8241206407547,7.03517593443394,
778,-0.051088,4.8241206407547,7.23618096113205,
779,-0.050832,4.8241206407547,7.23618096113205,
780,-0.050576,4.8241206407547,7.23618096113205,
781,-0.05032,5.02512566745281,7.03517593443394,
782,-0.050064,4.8241206407547,7.23618096113205,
783,-0.049808,5.02512566745281,7.03517593443394,
784,-0.049552,4.8241206407547,7.03517593443394,
785,-0.049296,4.62311561405659,7.23618096113205,
786,-0.04904,4.62311561405659,7.23618096113205,
787,-0.048784,4.8241206407547,7.23618096113205,
788,-0.048528,4.8241206407547,7.03517593443394,
789,-0.048272,4.8241206407547,7.23618096113205,
790,-0.048016,4.8241206407547,7.03517593443394,
791,-0.04776,4.8241206407547,7.23618096113205,
792,-0.047504,4.62311561405659,6.83417090773582,
793,-0.047248,5.02512566745281,7.03517593443394,
794,-0.046992,4.8241206407547,6.83417090773582,
795,-0.046736,-0.201005026698112,7.03517593443394,
796,-0.04648,-0.201005026698112,7.23618096113205,
797,-0.046224,-0.201005026698112,6.83417090773582,
798,-0.045968,-0.201005026698112,6.83417090773582,
799,-0.045712,-0.201005026698112,6.4321608543396,
800,-0.045456,-0.201005026698112,6.03015080094337,
801,-0.0452,-0.402010053396225,6.03015080094337,
802,-0.044944,-0.201005026698112,5.82914577424526,
803,-0.044688,0,5.42713572084904,
804,-0.044432,0,5.22613069415092,
805,-0.044176,0,4.8241206407547,
806,-0.04392,0,4.62311561405659,
807,-0.043664,-0.201005026698112,4.42211058735847,
808,-0.043408,0,4.22110556066036,
809,-0.043152,-0.201005026698112,4.02010053396225,
810,-0.042896,-0.201005026698112,3.61809048056602,
811,-0.04264,-0.201005026698112,3.61809048056602,
812,-0.042384,0,3.41708545386791,
813,-0.042128,0,3.01507540047169,
814,-0.041872,-0.201005026698112,2.81407037377357,
815,-0.041616,-0.201005026698112,2.81407037377357,
816,-0.04136,0,2.41206032037735,
817,-0.041104,-0.201005026698112,2.41206032037735,
818,-0.040848,0.201005026698112,2.41206032037735,
819,-0.040592,-0.402010053396225,2.21105529367924,
820,-0.040336,0,2.01005026698112,
821,-0.04008,-0.402010053396225,2.01005026698112,
822,-0.039824,-0.201005026698112,2.01005026698112,
823,-0.039568,0,1.40703518688679,
824,-0.039312,-0.201005026698112,1.6080402135849,
825,-0.039056,0,1.6080402135849,
826,-0.0388,-0.201005026698112,1.40703518688679,
827,-0.038544,-0.201005026698112,1.40703518688679,
828,-0.038288,-0.201005026698112,1.40703518688679,
829,-0.038032,-0.603015080094337,1.40703518688679,
830,-0.037776,-0.201005026698112,1.00502513349056,
831,-0.03752,-0.402010053396225,1.00502513349056,
832,-0.037264,-0.201005026698112,1.00502513349056,
833,-0.037008,0,1.00502513349056,
834,-0.036752,-0.201005026698112,1.00502513349056,
835,-0.036496,-0.201005026698112,0.603015080094337,
836,-0.03624,-0.402010053396225,0.603015080094337,
837,-0.035984,-0.402010053396225,0.603015080094337,
838,-0.035728,-0.201005026698112,0.603015080094337,
839,-0.035472,-0.402010053396225,0.603015080094337,
840,-0.035216,-0.201005026698112,0.402010053396225,
841,-0.03496,-0.201005026698112,0.402010053396225,
842,-0.034704,0,0.603015080094337,
843,-0.034448,-0.402010053396225,0.402010053396225,
844,-0.034192,-0.402010053396225,0.402010053396225,
845,-0.033936,-0.201005026698112,0.201005026698112,
846,-0.03368,-0.201005026698112,0.402010053396225,
847,-0.033424,-0.201005026698112,0.402010053396225,
848,-0.033168,-0.201005026698112,0.201005026698112,
849,-0.032912,-0.201005026698112,0.402010053396225,
850,-0.032656,-0.201005026698112,0.201005026698112,
851,-0.0324,-0.201005026698112,0.201005026698112,
852,-0.032144,-0.201005026698112,0.201005026698112,
853,-0.031888,-0.201005026698112,0.402010053396225,
854,-0.031632,0,0.201005026698112,
855,-0.031376,-0.402010053396225,0.201005026698112,
856,-0.03112,0,0.201005026698112,
857,-0.030864,-0.201005026698112,0,
858,-0.030608,-0.201005026698112,0,
859,-0.030352,0,0.201005026698112,
860,-0.030096,-0.201005026698112,0,
861,-0.02984,-0.402010053396225,0,
862,-0.029584,-0.201005026698112,0,
863,-0.029328,-0.201005026698112,0,
864,-0.029072,-0.603015080094337,-0.201005026698112,
865,-0.028816,-0.201005026698112,0,
866,-0.02856,-0.402010053396225,-0.201005026698112,
867,-0.028304,-0.201005026698112,0,
868,-0.028048,-0.402010053396225,0,
869,-0.027792,-0.402010053396225,0,
870,-0.027536,0,0,
871,-0.02728,-0.201005026698112,-0.201005026698112,
872,-0.027024,0,0,
873,-0.026768,-0.201005026698112,0,
874,-0.026512,-0.201005026698112,0,
875,-0.026256,-0.201005026698112,0,
876,-0.026,-0.201005026698112,0,
877,-0.025744,-0.201005026698112,0,
878,-0.025488,-0.201005026698112,-0.201005026698112,
879,-0.025232,-0.201005026698112,-0.201005026698112,
880,-0.024976,-0.201005026698112,-0.201005026698112,
881,-0.02472,-0.201005026698112,-0.201005026698112,
882,-0.024464,-0.201005026698112,-0.201005026698112,
883,-0.024208,-0.201005026698112,0,
884,-0.023952,-0.201005026698112,-0.201005026698112,
885,-0.023696,-0.201005026698112,0,
886,-0.02344,-0.201005026698112,-0.201005026698112,
887,-0.023184,-0.201005026698112,-0.201005026698112,
888,-0.022928,-0.402010053396225,-0.201005026698112,
889,-0.022672,-0.201005026698112,0,
890,-0.022416,-0.201005026698112,0,
891,-0.02216,-0.402010053396225,-0.201005026698112,
892,-0.021904,0,0,
893,-0.021648,-0.201005026698112,0,
894,-0.021392,0,0,
895,-0.021136,0,-0.201005026698112,
896,-0.02088,-0.402010053396225,-0.201005026698112,
897,-0.020624,-0.402010053396225,-0.201005026698112,
898,-0.020368,-0.201005026698112,-0.201005026698112,
899,-0.020112,0,-0.201005026698112,
900,-0.019856,-0.201005026698112,-0.402010053396225,
901,-0.0196,-0.201005026698112,0,
902,-0.019344,-0.201005026698112,0,
903,-0.019088,-0.201005026698112,-0.201005026698112,
904,-0.018832,-0.201005026698112,0,
905,-0.018576,-0.402010053396225,-0.201005026698112,
906,-0.01832,-0.201005026698112,-0.201005026698112,
907,-0.018064,-0.201005026698112,-0.201005026698112,
908,-0.017808,-0.201005026698112,-0.201005026698112,
909,-0.017552,-0.402010053396225,0,
910,-0.017296,-0.201005026698112,-0.201005026698112,
911,-0.01704,-0.603015080094337,-0.201005026698112,
912,-0.016784,-0.402010053396225,0,
913,-0.016528,-0.201005026698112,0,
914,-0.016272,-0.402010053396225,-0.201005026698112,
915,-0.016016,-0.201005026698112,0,
916,-0.01576,-0.201005026698112,-0.201005026698112,
917,-0.015504,0,0,
918,-0.015248,-0.402010053396225,-0.201005026698112,
919,-0.014992,-0.201005026698112,-0.201005026698112,
920,-0.014736,-0.201005026698112,-0.201005026698112,
921,-0.01448,-0.201005026698112,-0.201005026698112,
922,-0.014224,-0.201005026698112,-0.201005026698112,
923,-0.013968,-0.201005026698112,0,
924,-0.013712,-0.402010053396225,0,
925,-0.013456,-0.201005026698112,-0.402010053396225,
926,-0.0132,0,-0.201005026698112,
927,-0.012944,-0.201005026698112,-0.201005026698112,
928,-0.012688,0,-0.201005026698112,
929,-0.012432,-0.201005026698112,-0.201005026698112,
930,-0.012176,-0.402010053396225,-0.402010053396225,
931,-0.01192,-0.201005026698112,-0.201005026698112,
932,-0.011664,-0.201005026698112,-0.402010053396225,
933,-0.011408,-0.402010053396225,-0.201005026698112,
934,-0.011152,-0.402010053396225,-0.201005026698112,
935,-0.010896,-0.201005026698112,0,
936,-0.01064,-0.402010053396225,-0.201005026698112,
937,-0.010384,-0.201005026698112,-0.201005026698112,
938,-0.010128,-0.201005026698112,0,
939,-0.00987200000000002,-0.201005026698112,-0.201005026698112,
940,-0.00961600000000001,-0.201005026698112,0,
941,-0.00936000000000001,-0.201005026698112,0,
942,-0.009104,-0.201005026698112,-0.201005026698112,
943,-0.00884800000000002,-0.201005026698112,-0.201005026698112,
944,-0.00859200000000002,0,-0.201005026698112,
945,-0.00833600000000001,0,-0.201005026698112,
946,-0.00808,0,0,
947,-0.007824,-0.201005026698112,-0.201005026698112,
948,-0.00756800000000002,-0.201005026698112,-0.201005026698112,
949,-0.00731200000000001,0,-0.201005026698112,
950,-0.00705600000000001,-0.201005026698112,-0.201005026698112,
951,-0.0068,-0.201005026698112,-0.201005026698112,
952,-0.00654400000000002,0,-0.201005026698112,
953,-0.00628800000000002,-0.201005026698112,-0.402010053396225,
954,-0.00603200000000001,-0.201005026698112,-0.201005026698112,
955,-0.005776,-0.201005026698112,-0.201005026698112,
956,-0.00552000000000002,-0.201005026698112,0,
957,-0.00526400000000002,-0.402010053396225,-0.201005026698112,
958,-0.00500800000000001,-0.201005026698112,-0.201005026698112,
959,-0.00475200000000001,-0.201005026698112,-0.201005026698112,
960,-0.004496,-0.201005026698112,0,
961,-0.00424000000000002,0,0,
962,-0.00398400000000002,-0.201005026698112,-0.201005026698112,
963,-0.00372800000000001,-0.201005026698112,-0.201005026698112,
964,-0.003472,-0.402010053396225,-0.201005026698112,
965,-0.00321600000000002,-0.201005026698112,0,
966,-0.00296000000000002,-0.201005026698112,-0.201005026698112,
967,-0.00270400000000001,-0.402010053396225,-0.201005026698112,
968,-0.00244800000000001,-0.201005026698112,-0.201005026698112,
969,-0.002192,0,-0.201005026698112,
970,-0.00193600000000002,-0.402010053396225,-0.201005026698112,
971,-0.00168000000000001,-0.201005026698112,0,
972,-0.00142400000000001,-0.201005026698112,0,
973,-0.001168,-0.201005026698112,-0.201005026698112,
974,-0.000912000000000024,-0.201005026698112,0,
975,-0.000656000000000018,-0.201005026698112,-0.201005026698112,
976,-0.000400000000000011,-0.402010053396225,-0.201005026698112,
977,-0.000144000000000005,-0.201005026698112,-0.201005026698112,
978,0.000112000000000001,-0.402010053396225,-0.201005026698112,
979,0.000367999999999979,-0.201005026698112,-0.201005026698112,
980,0.000624000000000013,-0.201005026698112,-0.201005026698112,
981,0.000879999999999992,-0.201005026698112,-0.402010053396225,
982,0.00113599999999997,0.201005026698112,-0.201005026698112,
983,0.001392,-0.201005026698112,-0.201005026698112,
984,0.00164799999999998,-0.201005026698112,-0.201005026698112,
985,0.00190399999999996,-0.201005026698112,-0.201005026698112,
986,0.00216,-0.402010053396225,-0.402010053396225,
987,0.00241599999999997,-0.201005026698112,-0.201005026698112,
988,0.00267200000000001,-0.201005026698112,0,
989,0.00292799999999999,-0.201005026698112,0,
990,0.00318399999999996,-0.402010053396225,-0.201005026698112,
991,0.00344,-0.201005026698112,-0.201005026698112,
992,0.00369599999999998,-0.201005026698112,-0.201005026698112,
993,0.00395200000000001,-0.201005026698112,0,
994,0.00420799999999999,-0.201005026698112,-0.201005026698112,
995,0.00446399999999997,-0.201005026698112,-0.201005026698112,
996,0.00472,-0.201005026698112,-0.201005026698112,
997,0.00497599999999998,-0.402010053396225,-0.201005026698112,
998,0.00523200000000001,-0.201005026698112,-0.201005026698112,
999,0.00548799999999999,0,-0.201005026698112,
1000,0.00574399999999997,-0.201005026698112,-0.201005026698112,
1001,0.00600000000000001,-0.201005026698112,0,
1002,0.00625599999999998,0,-0.201005026698112,
1003,0.00651199999999996,-0.402010053396225,0,
1004,0.006768,-0.201005026698112,-0.201005026698112,
1005,0.00702399999999997,0,0,
1006,0.00728000000000001,-0.201005026698112,-0.201005026698112,
1007,0.00753599999999999,-0.201005026698112,-0.201005026698112,
1008,0.00779199999999997,-0.201005026698112,-0.201005026698112,
1009,0.008048,-0.201005026698112,0,
1010,0.00830399999999998,-0.201005026698112,-0.201005026698112,
1011,0.00856000000000001,0,-0.402010053396225,
1012,0.00881599999999999,-0.201005026698112,-0.402010053396225,
1013,0.00907199999999997,0,-0.402010053396225,
1014,0.009328,-0.201005026698112,-0.201005026698112,
1015,0.00958399999999998,-0.201005026698112,-0.201005026698112,
1016,0.00984000000000002,-0.201005026698112,-0.201005026698112,
1017,0.010096,-0.201005026698112,0,
1018,0.010352,-0.402010053396225,-0.201005026698112,
1019,0.010608,-0.402010053396225,-0.201005026698112,
1020,0.010864,0,-0.201005026698112,
1021,0.01112,-0.201005026698112,-0.201005026698112,
1022,0.011376,-0.402010053396225,-0.201005026698112,
1023,0.011632,-0.201005026698112,-0.201005026698112,
1024,0.011888,-0.201005026698112,0,
1025,0.012144,-0.201005026698112,-0.201005026698112,
1026,0.0124,0,0,
1027,0.012656,-0.201005026698112,-0.201005026698112,
1028,0.012912,-0.402010053396225,-0.201005026698112,
1029,0.013168,-0.201005026698112,-0.402010053396225,
1030,0.013424,0,0,
1031,0.01368,-0.201005026698112,0,
1032,0.013936,-0.201005026698112,0,
1033,0.014192,-0.201005026698112,-0.201005026698112,
1034,0.014448,-0.201005026698112,-0.201005026698112,
1035,0.014704,-0.201005026698112,-0.201005026698112,
1036,0.01496,-0.201005026698112,-0.201005026698112,
1037,0.015216,-0.201005026698112,-0.201005026698112,
1038,0.015472,-0.201005026698112,-0.201005026698112,
1039,0.015728,-0.402010053396225,-0.201005026698112,
1040,0.015984,-0.201005026698112,-0.201005026698112,
1041,0.01624,-0.201005026698112,-0.402010053396225,
1042,0.016496,-0.402010053396225,-0.201005026698112,
1043,0.016752,-0.402010053396225,0,
1044,0.017008,-0.201005026698112,-0.201005026698112,
1045,0.017264,-0.201005026698112,-0.402010053396225,
1046,0.01752,0.201005026698112,-0.201005026698112,
1047,0.017776,-0.201005026698112,-0.402010053396225,
1048,0.018032,-0.402010053396225,-0.402010053396225,
1049,0.018288,-0.201005026698112,-0.402010053396225,
1050,0.018544,0,-0.201005026698112,
1051,0.0188,-0.201005026698112,0,
1052,0.019056,-0.201005026698112,-0.201005026698112,
1053,0.019312,-0.201005026698112,0,
1054,0.019568,-0.201005026698112,-0.201005026698112,
1055,0.019824,0,-0.201005026698112,
1056,0.02008,-0.201005026698112,-0.402010053396225,
1057,0.020336,-0.201005026698112,0,
1058,0.020592,-0.402010053396225,-0.402010053396225,
1059,0.020848,-0.402010053396225,-0.402010053396225,
1060,0.021104,0,-0.201005026698112,
1061,0.02136,-0.201005026698112,-0.201005026698112,
1062,0.021616,0,-0.402010053396225,
1063,0.021872,-0.201005026698112,-0.201005026698112,
1064,0.022128,0,-0.201005026698112,
1065,0.022384,-0.201005026698112,-0.201005026698112,
1066,0.02264,0,-0.201005026698112,
1067,0.022896,-0.201005026698112,-0.201005026698112,
1068,0.023152,-0.402010053396225,-0.201005026698112,
1069,0.023408,-0.402010053396225,-0.201005026698112,
1070,0.023664,-0.402010053396225,0.201005026698112,
1071,0.02392,-0.402010053396225,0,
1072,0.024176,-0.402010053396225,0,
1073,0.024432,-0.201005026698112,-0.201005026698112,
1074,0.024688,0,-0.201005026698112,
1075,0.024944,-0.201005026698112,-0.201005026698112,
1076,0.0252,0,0,
1077,0.025456,-0.201005026698112,-0.201005026698112,
1078,0.025712,-0.402010053396225,-0.201005026698112,
1079,0.025968,-0.201005026698112,0,
1080,0.026224,-0.201005026698112,0,
1081,0.02648,0,0,
1082,0.026736,0,-0.201005026698112,
1083,0.026992,-0.201005026698112,-0.201005026698112,
1084,0.027248,-0.201005026698112,-0.201005026698112,
1085,0.027504,-0.402010053396225,-0.201005026698112,
1086,0.02776,-0.201005026698112,-0.201005026698112,
1087,0.028016,-0.402010053396225,-0.201005026698112,
1088,0.028272,-0.201005026698112,-0.402010053396225,
1089,0.028528,-0.201005026698112,-0.201005026698112,
1090,0.028784,-0.201005026698112,-0.201005026698112,
1091,0.02904,-0.201005026698112,-0.201005026698112,
1092,0.029296,-0.201005026698112,-0.201005026698112,
1093,0.029552,-0.201005026698112,-0.201005026698112,
1094,0.029808,-0.402010053396225,-0.201005026698112,
1095,0.030064,-0.201005026698112,-0.402010053396225,
1096,0.03032,-0.402010053396225,-0.402010053396225,
1097,0.030576,-0.201005026698112,-0.201005026698112,
1098,0.030832,0,-0.402010053396225,
1099,0.031088,-0.201005026698112,-0.201005026698112,
1100,0.031344,-0.603015080094337,0,
1101,0.0316,-0.201005026698112,0,
1102,0.031856,0,-0.201005026698112,
1103,0.032112,-0.402010053396225,-0.201005026698112,
1104,0.032368,-0.201005026698112,-0.402010053396225,
1105,0.032624,-0.201005026698112,-0.402010053396225,
1106,0.03288,0,0,
1107,0.033136,0,-0.201005026698112,
1108,0.033392,0.201005026698112,-0.402010053396225,
1109,0.033648,0,-0.201005026698112,
1110,0.033904,-0.402010053396225,-0.201005026698112,
1111,0.03416,-0.402010053396225,-0.201005026698112,
1112,0.034416,-0.201005026698112,0,
1113,0.034672,-0.201005026698112,-0.201005026698112,
1114,0.034928,-0.402010053396225,-0.201005026698112,
1115,0.035184,-0.201005026698112,-0.201005026698112,
1116,0.03544,-0.201005026698112,-0.201005026698112,
1117,0.035696,-0.402010053396225,-0.201005026698112,
1118,0.035952,0,-0.201005026698112,
1119,0.036208,-0.201005026698112,0,
1120,0.036464,-0.201005026698112,-0.201005026698112,
1121,0.03672,0,-0.201005026698112,
1122,0.036976,-0.201005026698112,0,
1123,0.037232,-0.201005026698112,-0.201005026698112,
1124,0.037488,-0.201005026698112,-0.402010053396225,
1125,0.037744,-0.201005026698112,-0.201005026698112,
1126,0.038,-0.201005026698112,-0.201005026698112,
1127,0.038256,-0.201005026698112,-0.201005026698112,
1128,0.038512,-0.402010053396225,-0.201005026698112,
1129,0.038768,-0.402010053396225,-0.201005026698112,
1130,0.039024,-0.201005026698112,-0.201005026698112,
1131,0.03928,-0.201005026698112,0,
1132,0.039536,-0.201005026698112,0,
1133,0.039792,-0.201005026698112,-0.201005026698112,
1134,0.040048,-0.201005026698112,-0.402010053396225,
1135,0.040304,-0.201005026698112,-0.402010053396225,
1136,0.04056,0,-0.201005026698112,
1137,0.040816,-0.402010053396225,0,
1138,0.041072,-0.201005026698112,-0.201005026698112,
1139,0.041328,-0.201005026698112,-0.201005026698112,
1140,0.041584,-0.201005026698112,-0.201005026698112,
1141,0.04184,-0.201005026698112,-0.201005026698112,
1142,0.042096,-0.201005026698112,-0.201005026698112,
1143,0.042352,-0.201005026698112,0,
1144,0.042608,-0.201005026698112,-0.402010053396225,
1145,0.042864,-0.201005026698112,0,
1146,0.04312,-0.603015080094337,-0.201005026698112,
1147,0.043376,-0.402010053396225,0,
1148,0.043632,-0.201005026698112,0,
1149,0.043888,-0.201005026698112,-0.201005026698112,
1150,0.044144,-0.201005026698112,-0.201005026698112,
1151,0.0444,-0.201005026698112,-0.402010053396225,
1152,0.044656,-0.201005026698112,-0.201005026698112,
1153,0.044912,0,-0.201005026698112,
1154,0.045168,0,-0.201005026698112,
1155,0.045424,-0.201005026698112,0,
1156,0.04568,-0.201005026698112,0,
1157,0.045936,-0.201005026698112,-0.201005026698112,
1158,0.046192,-0.402010053396225,0,
1159,0.046448,0,-0.201005026698112,
1160,0.046704,-0.201005026698112,-0.402010053396225,
1161,0.04696,-0.201005026698112,-0.201005026698112,
1162,0.047216,0,-0.201005026698112,
1163,0.047472,-0.402010053396225,-0.201005026698112,
1164,0.047728,-0.201005026698112,-0.201005026698112,
1165,0.047984,0,-0.201005026698112,
1166,0.04824,0,-0.201005026698112,
1167,0.048496,-0.402010053396225,0,
1168,0.048752,-0.201005026698112,0,
1169,0.049008,-0.201005026698112,0,
1170,0.049264,-0.201005026698112,-0.402010053396225,
1171,0.04952,-0.402010053396225,-0.201005026698112,
1172,0.049776,-0.402010053396225,-0.201005026698112,
1173,0.050032,-0.402010053396225,-0.201005026698112,
1174,0.050288,-0.402010053396225,-0.201005026698112,
1175,0.050544,-0.201005026698112,0,
1176,0.0508,-0.402010053396225,-0.201005026698112,
1177,0.051056,-0.201005026698112,-0.201005026698112,
1178,0.051312,-0.402010053396225,0,
1179,0.051568,-0.201005026698112,-0.201005026698112,
1180,0.051824,-0.402010053396225,-0.402010053396225,
1181,0.05208,0,-0.402010053396225,
1182,0.052336,-0.201005026698112,-0.201005026698112,
1183,0.052592,-0.603015080094337,0,
1184,0.052848,0,0,
1185,0.053104,4.8241206407547,-0.201005026698112,
1186,0.05336,4.8241206407547,0,
1187,0.053616,4.8241206407547,0,
1188,0.053872,4.62311561405659,0.402010053396225,
1189,0.054128,4.8241206407547,0.402010053396225,
1190,0.054384,4.62311561405659,0.603015080094337,
1191,0.05464,4.62311561405659,0.80402010679245,
1192,0.054896,4.62311561405659,1.20603016018867,
1193,0.055152,4.62311561405659,1.40703518688679,
1194,0.055408,4.8241206407547,1.6080402135849,
1195,0.055664,5.02512566745281,2.01005026698112,
1196,0.05592,4.8241206407547,2.21105529367924,
1197,0.056176,4.8241206407547,2.41206032037735,
1198,0.056432,4.8241206407547,2.61306534707546,
1199,0.056688,4.62311561405659,2.81407037377357,
1200,0.056944,4.8241206407547,2.81407037377357,
1201,0.0572,4.8241206407547,3.2160804271698,
1202,0.057456,4.8241206407547,3.41708545386791,
1203,0.057712,4.62311561405659,3.61809048056602,
1204,0.057968,4.8241206407547,3.81909550726414,
1205,0.058224,5.02512566745281,4.02010053396225,
1206,0.05848,4.62311561405659,4.02010053396225,
1207,0.058736,4.8241206407547,4.42211058735847,
1208,0.058992,4.62311561405659,4.62311561405659,
1209,0.059248,4.8241206407547,4.62311561405659,
1210,0.059504,4.8241206407547,4.62311561405659,
1211,0.05976,4.8241206407547,5.02512566745281,
1212,0.060016,5.02512566745281,5.02512566745281,
1213,0.060272,4.8241206407547,5.22613069415092,
1214,0.060528,4.8241206407547,5.22613069415092,
1215,0.060784,4.8241206407547,5.22613069415092,
1216,0.06104,4.62311561405659,5.22613069415092,
1217,0.061296,4.8241206407547,5.62814074754715,
1218,0.061552,4.8241206407547,5.62814074754715,
1219,0.061808,4.8241206407547,5.82914577424526,
1220,0.062064,5.02512566745281,5.62814074754715,
1221,0.06232,5.02512566745281,5.62814074754715,
1222,0.062576,4.8241206407547,6.03015080094337,
1223,0.062832,4.8241206407547,6.03015080094337,
1224,0.063088,4.8241206407547,6.03015080094337,
1225,0.063344,4.8241206407547,5.82914577424526,
1226,0.0636,5.02512566745281,6.03015080094337,
1227,0.063856,4.8241206407547,6.23115582764149,
1228,0.064112,5.02512566745281,6.23115582764149,
1229,0.064368,4.8241206407547,6.4321608543396,
1230,0.064624,4.8241206407547,6.23115582764149,
1231,0.06488,4.62311561405659,6.23115582764149,
1232,0.065136,5.02512566745281,6.4321608543396,
1233,0.065392,4.8241206407547,6.4321608543396,
1234,0.065648,5.02512566745281,6.63316588103771,
1235,0.065904,4.62311561405659,6.63316588103771,
1236,0.06616,5.02512566745281,6.4321608543396,
1237,0.066416,4.8241206407547,6.63316588103771,
1238,0.066672,4.8241206407547,6.63316588103771,
1239,0.066928,4.8241206407547,6.63316588103771,
1240,0.067184,4.8241206407547,6.63316588103771,
1241,0.06744,5.02512566745281,6.63316588103771,
1242,0.067696,4.8241206407547,6.83417090773582,
1243,0.067952,4.8241206407547,6.63316588103771,
1244,0.068208,4.8241206407547,6.63316588103771,
1245,0.068464,5.02512566745281,6.83417090773582,
1246,0.06872,4.62311561405659,6.83417090773582,
1247,0.068976,4.62311561405659,6.63316588103771,
1248,0.069232,5.02512566745281,6.83417090773582,
1249,0.069488,4.62311561405659,6.83417090773582,
1250,0.069744,4.62311561405659,6.83417090773582,
1251,0.07,4.8241206407547,7.03517593443394,
1252,0.070256,4.8241206407547,7.03517593443394,
1253,0.070512,4.8241206407547,6.83417090773582,
1254,0.070768,4.8241206407547,6.83417090773582,
1255,0.071024,4.62311561405659,7.03517593443394,
1256,0.07128,5.02512566745281,7.03517593443394,
1257,0.071536,4.8241206407547,6.83417090773582,
1258,0.071792,4.8241206407547,7.03517593443394,
1259,0.072048,5.02512566745281,6.83417090773582,
1260,0.072304,5.02512566745281,6.83417090773582,
1261,0.07256,5.02512566745281,6.83417090773582,
1262,0.072816,4.8241206407547,7.03517593443394,
1263,0.073072,4.8241206407547,6.83417090773582,
1264,0.073328,4.8241206407547,7.03517593443394,
1265,0.073584,4.62311561405659,7.03517593443394,
1266,0.07384,4.8241206407547,7.03517593443394,
1267,0.074096,4.62311561405659,6.83417090773582,
1268,0.074352,4.62311561405659,6.83417090773582,
1269,0.074608,4.62311561405659,7.03517593443394,
1270,0.074864,4.8241206407547,7.03517593443394,
1271,0.07512,4.8241206407547,6.83417090773582,
1272,0.075376,4.62311561405659,6.83417090773582,
1273,0.075632,5.22613069415092,7.23618096113205,
1274,0.075888,5.02512566745281,7.23618096113205,
1275,0.076144,4.8241206407547,7.03517593443394,
1276,0.0764,5.02512566745281,7.23618096113205,
1277,0.076656,5.02512566745281,7.03517593443394,
1278,0.076912,4.8241206407547,7.03517593443394,
1279,0.077168,4.8241206407547,7.03517593443394,
1280,0.077424,4.62311561405659,7.03517593443394,
1281,0.07768,4.62311561405659,7.03517593443394,
1282,0.077936,4.62311561405659,7.23618096113205,
1283,0.078192,4.8241206407547,7.03517593443394,
1284,0.078448,4.8241206407547,6.83417090773582,
1285,0.078704,4.8241206407547,7.03517593443394,
1286,0.07896,5.02512566745281,7.03517593443394,
1287,0.079216,4.8241206407547,7.23618096113205,
1288,0.079472,4.62311561405659,7.03517593443394,
1289,0.079728,5.02512566745281,7.23618096113205,
1290,0.079984,4.8241206407547,7.03517593443394,
1291,0.08024,4.62311561405659,7.03517593443394,
1292,0.080496,4.8241206407547,7.03517593443394,
1293,0.080752,4.8241206407547,7.03517593443394,
1294,0.081008,4.8241206407547,7.03517593443394,
1295,0.081264,4.8241206407547,7.03517593443394,
1296,0.08152,4.62311561405659,7.23618096113205,
1297,0.081776,4.8241206407547,7.03517593443394,
1298,0.082032,4.62311561405659,7.23618096113205,
1299,0.082288,4.62311561405659,7.03517593443394,
1300,0.082544,4.8241206407547,7.03517593443394,
1301,0.0828,5.02512566745281,7.43718598783016,
1302,0.083056,5.02512566745281,7.03517593443394,
1303,0.083312,4.8241206407547,7.23618096113205,
1304,0.083568,4.8241206407547,7.23618096113205,
1305,0.083824,4.8241206407547,7.03517593443394,
1306,0.08408,4.42211058735847,7.23618096113205,
1307,0.084336,4.8241206407547,7.03517593443394,
1308,0.084592,4.8241206407547,7.43718598783016,
1309,0.084848,4.8241206407547,7.03517593443394,
1310,0.085104,4.8241206407547,7.23618096113205,
1311,0.08536,4.8241206407547,7.03517593443394,
1312,0.085616,4.62311561405659,7.03517593443394,
1313,0.085872,4.8241206407547,7.03517593443394,
1314,0.086128,4.62311561405659,7.03517593443394,
1315,0.086384,4.8241206407547,7.23618096113205,
1316,0.08664,5.02512566745281,7.03517593443394,
1317,0.086896,4.8241206407547,7.03517593443394,
1318,0.087152,4.62311561405659,7.03517593443394,
1319,0.087408,4.8241206407547,7.23618096113205,
1320,0.087664,4.62311561405659,7.03517593443394,
1321,0.08792,5.02512566745281,7.23618096113205,
1322,0.088176,5.02512566745281,7.03517593443394,
1323,0.088432,4.8241206407547,7.23618096113205,
1324,0.088688,4.8241206407547,7.23618096113205,
1325,0.088944,5.02512566745281,7.23618096113205,
1326,0.0892,5.02512566745281,7.23618096113205,
1327,0.089456,4.62311561405659,7.23618096113205,
1328,0.089712,4.62311561405659,7.23618096113205,
1329,0.089968,4.8241206407547,7.03517593443394,
1330,0.090224,4.62311561405659,7.23618096113205,
1331,0.09048,4.8241206407547,7.03517593443394,
1332,0.090736,4.8241206407547,7.23618096113205,
1333,0.090992,4.8241206407547,7.03517593443394,
1334,0.091248,4.42211058735847,7.03517593443394,
1335,0.091504,4.62311561405659,7.43718598783016,
1336,0.09176,4.8241206407547,7.43718598783016,
1337,0.092016,4.62311561405659,7.23618096113205,
1338,0.092272,4.42211058735847,7.03517593443394,
1339,0.092528,4.8241206407547,7.03517593443394,
1340,0.092784,4.8241206407547,7.03517593443394,
1341,0.09304,4.8241206407547,7.03517593443394,
1342,0.093296,4.8241206407547,7.23618096113205,
1343,0.093552,5.02512566745281,7.03517593443394,
1344,0.093808,4.62311561405659,7.23618096113205,
1345,0.094064,5.02512566745281,7.23618096113205,
1346,0.09432,4.62311561405659,6.83417090773582,
1347,0.094576,4.62311561405659,7.23618096113205,
1348,0.094832,4.8241206407547,7.03517593443394,
1349,0.095088,4.8241206407547,7.23618096113205,
1350,0.095344,5.02512566745281,7.03517593443394,
1351,0.0956,4.8241206407547,7.03517593443394,
1352,0.095856,5.02512566745281,7.03517593443394,
1353,0.096112,4.8241206407547,7.03517593443394,
1354,0.096368,4.8241206407547,7.23618096113205,
1355,0.096624,4.8241206407547,7.03517593443394,
1356,0.09688,4.62311561405659,7.23618096113205,
1357,0.097136,4.62311561405659,7.03517593443394,
1358,0.097392,4.8241206407547,7.23618096113205,
1359,0.097648,5.02512566745281,7.23618096113205,
1360,0.097904,5.02512566745281,7.03517593443394,
1361,0.09816,4.8241206407547,7.23618096113205,
1362,0.098416,4.8241206407547,7.03517593443394,
1363,0.098672,4.8241206407547,7.03517593443394,
1364,0.098928,5.02512566745281,7.03517593443394,
1365,0.099184,4.8241206407547,7.23618096113205,
1366,0.09944,4.8241206407547,7.03517593443394,
1367,0.099696,4.8241206407547,7.03517593443394,
1368,0.099952,4.8241206407547,7.23618096113205,
1369,0.100208,5.02512566745281,7.23618096113205,
1370,0.100464,4.62311561405659,7.23618096113205,
1371,0.10072,4.62311561405659,7.23618096113205,
1372,0.100976,4.8241206407547,7.23618096113205,
1373,0.101232,4.62311561405659,7.03517593443394,
1374,0.101488,5.02512566745281,7.23618096113205,
1375,0.101744,4.62311561405659,7.03517593443394,
1376,0.102,4.8241206407547,7.03517593443394,
1377,0.102256,4.62311561405659,7.23618096113205,
1378,0.102512,4.62311561405659,7.03517593443394,
1379,0.102768,4.8241206407547,7.23618096113205,
1380,0.103024,5.02512566745281,7.23618096113205,
1381,0.10328,4.8241206407547,7.03517593443394,
1382,0.103536,5.02512566745281,7.23618096113205,
1383,0.103792,5.02512566745281,7.03517593443394,
1384,0.104048,4.8241206407547,7.03517593443394,
1385,0.104304,4.8241206407547,7.43718598783016,
1386,0.10456,4.8241206407547,7.23618096113205,
1387,0.104816,4.8241206407547,6.83417090773582,
1388,0.105072,4.62311561405659,7.23618096113205,
1389,0.105328,4.62311561405659,7.03517593443394,
1390,0.105584,4.62311561405659,7.23618096113205,
1391,0.10584,4.62311561405659,7.23618096113205,
1392,0.106096,4.62311561405659,7.23618096113205,
1393,0.106352,4.62311561405659,7.03517593443394,
1394,0.106608,5.02512566745281,7.23618096113205,
1395,0.106864,5.02512566745281,7.03517593443394,
1396,0.10712,4.8241206407547,7.23618096113205,
1397,0.107376,4.8241206407547,7.03517593443394,
1398,0.107632,4.8241206407547,7.03517593443394,
1399,0.107888,4.8241206407547,7.23618096113205,
1400,0.108144,4.8241206407547,7.23618096113205,
1401,0.1084,4.8241206407547,7.03517593443394,
1402,0.108656,4.8241206407547,7.23618096113205,
1403,0.108912,4.8241206407547,7.03517593443394,
1404,0.109168,4.62311561405659,7.23618096113205,
1405,0.109424,4.8241206407547,7.23618096113205,
1406,0.10968,5.02512566745281,7.03517593443394,
1407,0.109936,4.8241206407547,7.23618096113205,
1408,0.110192,5.02512566745281,7.23618096113205,
1409,0.110448,4.8241206407547,7.03517593443394,
1410,0.110704,4.8241206407547,7.23618096113205,
1411,0.11096,4.62311561405659,7.03517593443394,
1412,0.111216,4.62311561405659,7.23618096113205,
1413,0.111472,5.02512566745281,7.43718598783016,
1414,0.111728,4.42211058735847,7.23618096113205,
1415,0.111984,4.8241206407547,7.03517593443394,
1416,0.11224,5.02512566745281,7.23618096113205,
1417,0.112496,4.8241206407547,7.23618096113205,
1418,0.112752,5.02512566745281,7.03517593443394,
1419,0.113008,5.02512566745281,7.03517593443394,
1420,0.113264,5.02512566745281,7.23618096113205,
1421,0.11352,5.02512566745281,7.23618096113205,
1422,0.113776,5.02512566745281,7.23618096113205,
1423,0.114032,4.8241206407547,7.23618096113205,
1424,0.114288,4.62311561405659,7.03517593443394,
1425,0.114544,4.8241206407547,7.03517593443394,
1426,0.1148,4.8241206407547,7.03517593443394,
1427,0.115056,4.8241206407547,7.03517593443394,
1428,0.115312,4.8241206407547,7.03517593443394,
1429,0.115568,4.8241206407547,7.23618096113205,
1430,0.115824,4.8241206407547,7.03517593443394,
1431,0.11608,5.02512566745281,7.23618096113205,
1432,0.116336,4.8241206407547,7.23618096113205,
1433,0.116592,4.8241206407547,7.03517593443394,
1434,0.116848,4.62311561405659,7.23618096113205,
1435,0.117104,4.8241206407547,7.23618096113205,
1436,0.11736,4.8241206407547,7.03517593443394,
1437,0.117616,4.62311561405659,7.03517593443394,
1438,0.117872,4.62311561405659,7.23618096113205,
1439,0.118128,4.8241206407547,7.23618096113205,
1440,0.118384,5.02512566745281,7.23618096113205,
1441,0.11864,4.8241206407547,7.03517593443394,
1442,0.118896,4.8241206407547,7.03517593443394,
1443,0.119152,4.8241206407547,7.23618096113205,
1444,0.119408,5.02512566745281,7.23618096113205,
1445,0.119664,4.8241206407547,7.23618096113205,
1446,0.11992,4.8241206407547,7.03517593443394,
1447,0.120176,4.62311561405659,7.23618096113205,
1448,0.120432,4.8241206407547,7.03517593443394,
1449,0.120688,5.02512566745281,7.23618096113205,
1450,0.120944,4.62311561405659,7.03517593443394,
1451,0.1212,4.8241206407547,7.23618096113205,
1452,0.121456,4.8241206407547,7.03517593443394,
1453,0.121712,4.8241206407547,7.03517593443394,
1454,0.121968,4.62311561405659,7.23618096113205,
1455,0.122224,4.8241206407547,7.23618096113205,
1456,0.12248,4.8241206407547,7.43718598783016,
1457,0.122736,4.62311561405659,7.23618096113205,
1458,0.122992,5.02512566745281,7.23618096113205,
1459,0.123248,4.62311561405659,7.03517593443394,
1460,0.123504,4.8241206407547,7.23618096113205,
1461,0.12376,4.8241206407547,7.03517593443394,
1462,0.124016,4.62311561405659,7.03517593443394,
1463,0.124272,5.02512566745281,7.03517593443394,
1464,0.124528,4.8241206407547,7.03517593443394,
1465,0.124784,5.02512566745281,7.03517593443394,
1466,0.12504,4.8241206407547,7.03517593443394,
1467,0.125296,4.8241206407547,7.03517593443394,
1468,0.125552,5.02512566745281,7.43718598783016,
1469,0.125808,4.62311561405659,7.03517593443394,
1470,0.126064,4.8241206407547,7.23618096113205,
1471,0.12632,5.02512566745281,7.03517593443394,
1472,0.126576,4.8241206407547,7.03517593443394,
1473,0.126832,4.8241206407547,7.23618096113205,
1474,0.127088,5.02512566745281,7.23618096113205,
1475,0.127344,4.62311561405659,7.23618096113205,
1476,0.1276,4.8241206407547,7.03517593443394,
1477,0.127856,4.8241206407547,7.03517593443394,
1478,0.128112,4.8241206407547,7.23618096113205,
1479,0.128368,4.8241206407547,7.03517593443394,
1480,0.128624,4.8241206407547,7.03517593443394,
1481,0.12888,4.8241206407547,7.23618096113205,
1482,0.129136,4.62311561405659,7.03517593443394,
1483,0.129392,5.02512566745281,7.23618096113205,
1484,0.129648,4.62311561405659,7.23618096113205,
1485,0.129904,5.22613069415092,7.23618096113205,
1486,0.13016,4.8241206407547,7.03517593443394,
1487,0.130416,5.02512566745281,7.03517593443394,
1488,0.130672,4.62311561405659,7.23618096113205,
1489,0.130928,4.8241206407547,7.03517593443394,
1490,0.131184,5.02512566745281,7.23618096113205,
1491,0.13144,4.62311561405659,7.43718598783016,
1492,0.131696,4.8241206407547,7.03517593443394,
1493,0.131952,4.62311561405659,7.03517593443394,
1494,0.132208,4.8241206407547,7.03517593443394,
1495,0.132464,4.8241206407547,7.23618096113205,
1496,0.13272,4.62311561405659,7.03517593443394,
1497,0.132976,4.8241206407547,7.23618096113205,
1498,0.133232,4.62311561405659,7.03517593443394,
1499,0.133488,4.62311561405659,7.23618096113205,
1500,0.133744,5.02512566745281,7.03517593443394,
1501,0.134,4.8241206407547,7.03517593443394,
1502,0.134256,5.02512566745281,7.23618096113205,
1503,0.134512,4.62311561405659,7.03517593443394,
1504,0.134768,4.62311561405659,7.43718598783016,
1505,0.135024,4.8241206407547,7.03517593443394,
1506,0.13528,4.8241206407547,7.03517593443394,
1507,0.135536,4.8241206407547,7.23618096113205,
1508,0.135792,4.8241206407547,6.83417090773582,
1509,0.136048,4.62311561405659,7.03517593443394,
1510,0.136304,4.8241206407547,7.23618096113205,
1511,0.13656,4.8241206407547,7.23618096113205,
1512,0.136816,5.02512566745281,7.23618096113205,
1513,0.137072,4.8241206407547,7.23618096113205,
1514,0.137328,4.8241206407547,7.03517593443394,
1515,0.137584,4.8241206407547,7.23618096113205,
1516,0.13784,4.8241206407547,7.23618096113205,
1517,0.138096,4.62311561405659,7.23618096113205,
1518,0.138352,4.62311561405659,7.03517593443394,
1519,0.138608,4.8241206407547,7.23618096113205,
1520,0.138864,4.62311561405659,7.03517593443394,
1521,0.13912,4.8241206407547,7.23618096113205,
1522,0.139376,4.8241206407547,7.03517593443394,
1523,0.139632,5.02512566745281,7.23618096113205,
1524,0.139888,4.62311561405659,7.23618096113205,
1525,0.140144,4.8241206407547,7.03517593443394,
1526,0.1404,5.02512566745281,7.03517593443394,
1527,0.140656,4.8241206407547,7.03517593443394,
1528,0.140912,4.8241206407547,7.03517593443394,
1529,0.141168,4.8241206407547,7.23618096113205,
1530,0.141424,5.02512566745281,7.03517593443394,
1531,0.14168,5.02512566745281,7.43718598783016,
1532,0.141936,4.8241206407547,7.23618096113205,
1533,0.142192,4.8241206407547,7.23618096113205,
1534,0.142448,4.62311561405659,7.23618096113205,
1535,0.142704,4.8241206407547,7.03517593443394,
1536,0.14296,4.8241206407547,7.03517593443394,
1537,0.143216,4.8241206407547,7.23618096113205,
1538,0.143472,4.8241206407547,7.23618096113205,
1539,0.143728,4.8241206407547,7.23618096113205,
1540,0.143984,5.02512566745281,7.03517593443394,
1541,0.14424,5.02512566745281,7.23618096113205,
1542,0.144496,5.02512566745281,7.23618096113205,
1543,0.144752,4.8241206407547,7.23618096113205,
1544,0.145008,4.62311561405659,6.83417090773582,
1545,0.145264,4.8241206407547,7.03517593443394,
1546,0.14552,5.02512566745281,7.03517593443394,
1547,0.145776,4.8241206407547,7.23618096113205,
1548,0.146032,4.8241206407547,7.23618096113205,
1549,0.146288,4.8241206407547,7.23618096113205,
1550,0.146544,4.8241206407547,7.23618096113205,
1551,0.1468,4.8241206407547,7.03517593443394,
1552,0.147056,4.62311561405659,7.03517593443394,
1553,0.147312,4.8241206407547,7.03517593443394,
1554,0.147568,4.8241206407547,7.03517593443394,
1555,0.147824,4.8241206407547,7.03517593443394,
1556,0.14808,4.8241206407547,7.23618096113205,
1557,0.148336,5.02512566745281,7.03517593443394,
1558,0.148592,5.02512566745281,7.23618096113205,
1559,0.148848,4.8241206407547,7.03517593443394,
1560,0.149104,4.8241206407547,7.03517593443394,
1561,0.14936,5.02512566745281,7.23618096113205,
1562,0.149616,4.8241206407547,7.23618096113205,
1563,0.149872,5.02512566745281,7.03517593443394,
1564,0.150128,4.8241206407547,7.23618096113205,
1565,0.150384,4.62311561405659,7.23618096113205,
1566,0.15064,4.8241206407547,7.03517593443394,
1567,0.150896,4.62311561405659,7.23618096113205,
1568,0.151152,4.62311561405659,7.23618096113205,
1569,0.151408,4.8241206407547,7.03517593443394,
1570,0.151664,4.8241206407547,7.23618096113205,
1571,0.15192,4.62311561405659,7.23618096113205,
1572,0.152176,4.8241206407547,7.03517593443394,
1573,0.152432,4.8241206407547,7.23618096113205,
1574,0.152688,5.02512566745281,7.23618096113205,
1575,0.152944,4.8241206407547,6.83417090773582,
1576,0.1532,0,7.03517593443394,
1577,0.153456,-0.201005026698112,7.03517593443394,
1578,0.153712,-0.201005026698112,7.03517593443394,
1579,0.153968,-0.201005026698112,6.63316588103771,
1580,0.154224,0,6.63316588103771,
1581,0.15448,-0.201005026698112,6.23115582764149,
1582,0.154736,-0.201005026698112,6.23115582764149,
1583,0.154992,-0.201005026698112,5.82914577424526,
1584,0.155248,-0.201005026698112,5.42713572084904,
1585,0.155504,-0.201005026698112,5.42713572084904,
1586,0.15576,0,4.8241206407547,
1587,0.156016,0,4.8241206407547,
1588,0.156272,-0.201005026698112,4.22110556066036,
1589,0.156528,-0.201005026698112,4.42211058735847,
1590,0.156784,-0.402010053396225,4.02010053396225,
1591,0.15704,-0.201005026698112,3.61809048056602,
1592,0.157296,-0.201005026698112,3.41708545386791,
1593,0.157552,-0.402010053396225,3.61809048056602,
1594,0.157808,0,3.01507540047169,
1595,0.158064,-0.201005026698112,3.01507540047169,
1596,0.15832,-0.201005026698112,2.61306534707546,
1597,0.158576,-0.402010053396225,2.81407037377357,
1598,0.158832,-0.201005026698112,2.61306534707546,
1599,0.159088,-0.402010053396225,2.41206032037735,
1600,0.159344,-0.402010053396225,2.41206032037735,
1601,0.1596,-0.402010053396225,2.01005026698112,
1602,0.159856,-0.201005026698112,2.01005026698112,
1603,0.160112,0,1.80904524028301,
1604,0.160368,-0.201005026698112,1.80904524028301,
1605,0.160624,-0.201005026698112,1.6080402135849,
1606,0.16088,-0.402010053396225,1.6080402135849,
1607,0.161136,0,1.20603016018867,
1608,0.161392,-0.201005026698112,1.40703518688679,
1609,0.161648,0,1.20603016018867,
1610,0.161904,-0.201005026698112,1.20603016018867,
1611,0.16216,0,1.20603016018867,
1612,0.162416,-0.201005026698112,1.20603016018867,
1613,0.162672,-0.201005026698112,1.00502513349056,
1614,0.162928,-0.402010053396225,0.80402010679245,
1615,0.163184,-0.201005026698112,1.00502513349056,
1616,0.16344,-0.201005026698112,0.80402010679245,
1617,0.163696,-0.201005026698112,0.603015080094337,
1618,0.163952,-0.201005026698112,0.603015080094337,
1619,0.164208,-0.201005026698112,0.603015080094337,
1620,0.164464,-0.201005026698112,0.603015080094337,
1621,0.16472,-0.402010053396225,0.603015080094337,
1622,0.164976,-0.201005026698112,0.603015080094337,
1623,0.165232,0.201005026698112,0.603015080094337,
1624,0.165488,-0.201005026698112,0.402010053396225,
1625,0.165744,-0.402010053396225,0.402010053396225,
1626,0.166,-0.402010053396225,0.402010053396225,
1627,0.166256,-0.201005026698112,0.402010053396225,
1628,0.166512,-0.201005026698112,0.402010053396225,
1629,0.166768,-0.201005026698112,0.402010053396225,
1630,0.167024,-0.201005026698112,0.402010053396225,
1631,0.16728,-0.201005026698112,0.201005026698112,
1632,0.167536,-0.201005026698112,0.402010053396225,
1633,0.167792,-0.201005026698112,0.201005026698112,
1634,0.168048,-0.201005026698112,0,
1635,0.168304,0,0.201005026698112,
1636,0.16856,-0.201005026698112,0.201005026698112,
1637,0.168816,-0.201005026698112,0.201005026698112,
1638,0.169072,-0.402010053396225,0.402010053396225,
1639,0.169328,0,0.201005026698112,
1640,0.169584,0,0,
1641,0.16984,-0.201005026698112,0,
1642,0.170096,-0.402010053396225,0.201005026698112,
1643,0.170352,-0.201005026698112,0.201005026698112,
1644,0.170608,-0.201005026698112,0.201005026698112,
1645,0.170864,-0.201005026698112,0,
1646,0.17112,-0.201005026698112,0,
1647,0.171376,-0.402010053396225,0,
1648,0.171632,-0.201005026698112,0,
1649,0.171888,-0.201005026698112,-0.201005026698112,
1650,0.172144,0,-0.201005026698112,
1651,0.1724,-0.201005026698112,0,
1652,0.172656,-0.201005026698112,0,
1653,0.172912,-0.201005026698112,0,
1654,0.173168,-0.201005026698112,-0.201005026698112,
1655,0.173424,-0.201005026698112,0.201005026698112,
1656,0.17368,-0.201005026698112,0,
1657,0.173936,-0.201005026698112,0,
1658,0.174192,-0.201005026698112,-0.201005026698112,
1659,0.174448,-0.402010053396225,-0.201005026698112,
1660,0.174704,-0.201005026698112,-0.201005026698112,
1661,0.17496,-0.201005026698112,0,
1662,0.175216,0,-0.201005026698112,
1663,0.175472,-0.201005026698112,-0.201005026698112,
1664,0.175728,-0.201005026698112,-0.201005026698112,
1665,0.175984,-0.402010053396225,0,
1666,0.17624,-0.201005026698112,0,
1667,0.176496,-0.201005026698112,0,
1668,0.176752,0,0,
1669,0.177008,-0.402010053396225,0,
1670,0.177264,0,0,
1671,0.17752,0,-0.201005026698112,
1672,0.177776,-0.402010053396225,0,
1673,0.178032,-0.201005026698112,0,
1674,0.178288,-0.201005026698112,-0.201005026698112,
1675,0.178544,-0.201005026698112,-0.201005026698112,
1676,0.1788,-0.402010053396225,0,
1677,0.179056,0,0,
1678,0.179312,-0.201005026698112,0,
1679,0.179568,0,-0.201005026698112,
1680,0.179824,0,-0.201005026698112,
1681,0.18008,-0.201005026698112,0,
1682,0.180336,-0.201005026698112,-0.201005026698112,
1683,0.180592,-0.201005026698112,-0.201005026698112,
1684,0.180848,0,-0.201005026698112,
1685,0.181104,-0.402010053396225,-0.201005026698112,
1686,0.18136,-0.201005026698112,0,
1687,0.181616,0,0,
1688,0.181872,0,0.201005026698112,
1689,0.182128,-0.201005026698112,-0.201005026698112,
1690,0.182384,-0.201005026698112,-0.201005026698112,
1691,0.18264,-0.402010053396225,-0.201005026698112,
1692,0.182896,-0.201005026698112,-0.201005026698112,
1693,0.183152,0,-0.201005026698112,
1694,0.183408,0,-0.402010053396225,
1695,0.183664,-0.201005026698112,-0.201005026698112,
1696,0.18392,-0.201005026698112,-0.201005026698112,
1697,0.184176,-0.201005026698112,-0.201005026698112,
1698,0.184432,-0.402010053396225,-0.201005026698112,
1699,0.184688,-0.201005026698112,-0.201005026698112,
1700,0.184944,-0.402010053396225,0,
1701,0.1852,-0.402010053396225,-0.201005026698112,
1702,0.185456,-0.201005026698112,0,
1703,0.185712,-0.402010053396225,-0.201005026698112,
1704,0.185968,-0.201005026698112,-0.201005026698112,
1705,0.186224,-0.402010053396225,0,
1706,0.18648,-0.201005026698112,-0.201005026698112,
1707,0.186736,-0.201005026698112,0,
1708,0.186992,0,-0.201005026698112,
1709,0.187248,-0.402010053396225,-0.201005026698112,
1710,0.187504,-0.201005026698112,-0.201005026698112,
1711,0.18776,-0.201005026698112,-0.201005026698112,
1712,0.188016,-0.201005026698112,0,
1713,0.188272,-0.201005026698112,-0.402010053396225,
1714,0.188528,-0.201005026698112,-0.201005026698112,
1715,0.188784,-0.201005026698112,0,
1716,0.18904,-0.402010053396225,0,
1717,0.189296,0,0,
1718,0.189552,0,-0.201005026698112,
1719,0.189808,-0.402010053396225,-0.201005026698112,
1720,0.190064,0,-0.201005026698112,
1721,0.19032,-0.201005026698112,0,
1722,0.190576,-0.201005026698112,-0.201005026698112,
1723,0.190832,0,-0.201005026698112,
1724,0.191088,-0.402010053396225,0,
1725,0.191344,-0.402010053396225,-0.201005026698112,
1726,0.1916,-0.201005026698112,-0.201005026698112,
1727,0.191856,-0.402010053396225,0,
1728,0.192112,-0.201005026698112,-0.201005026698112,
1729,0.192368,-0.402010053396225,-0.201005026698112,
1730,0.192624,-0.402010053396225,-0.402010053396225,
1731,0.19288,0,-0.201005026698112,
1732,0.193136,-0.402010053396225,-0.201005026698112,
1733,0.193392,-0.402010053396225,-0.201005026698112,
1734,0.193648,-0.201005026698112,-0.201005026698112,
1735,0.193904,-0.402010053396225,-0.402010053396225,
1736,0.19416,-0.201005026698112,-0.201005026698112,
1737,0.194416,-0.201005026698112,0,
1738,0.194672,-0.201005026698112,-0.201005026698112,
1739,0.194928,-0.201005026698112,-0.201005026698112,
1740,0.195184,0,0,
1741,0.19544,0,0,
1742,0.195696,-0.201005026698112,0,
1743,0.195952,-0.201005026698112,-0.201005026698112,
1744,0.196208,-0.201005026698112,-0.201005026698112,
1745,0.196464,-0.201005026698112,0,
1746,0.19672,-0.201005026698112,-0.201005026698112,
1747,0.196976,-0.201005026698112,-0.201005026698112,
1748,0.197232,-0.402010053396225,-0.201005026698112,
1749,0.197488,-0.201005026698112,0,
1750,0.197744,-0.201005026698112,0,
1751,0.198,-0.201005026698112,0,
1752,0.198256,-0.201005026698112,-0.201005026698112,
1753,0.198512,0,-0.402010053396225,
1754,0.198768,-0.402010053396225,-0.201005026698112,
1755,0.199024,-0.402010053396225,-0.201005026698112,
1756,0.19928,-0.402010053396225,-0.201005026698112,
1757,0.199536,0,0,
1758,0.199792,-0.201005026698112,-0.201005026698112,
1759,0.200048,-0.402010053396225,-0.201005026698112,
1760,0.200304,0,0,
1761,0.20056,-0.201005026698112,-0.201005026698112,
1762,0.200816,-0.201005026698112,-0.201005026698112,
1763,0.201072,0,-0.201005026698112,
1764,0.201328,-0.201005026698112,-0.201005026698112,
1765,0.201584,0,-0.201005026698112,
1766,0.20184,-0.201005026698112,0,
1767,0.202096,-0.402010053396225,-0.201005026698112,
1768,0.202352,-0.402010053396225,-0.402010053396225,
1769,0.202608,-0.201005026698112,-0.402010053396225,
1770,0.202864,0,-0.201005026698112,
1771,0.20312,0,-0.201005026698112,
1772,0.203376,-0.201005026698112,-0.402010053396225,
1773,0.203632,-0.402010053396225,0,
1774,0.203888,-0.201005026698112,0,
1775,0.204144,-0.201005026698112,-0.201005026698112,
1776,0.2044,-0.201005026698112,0,
1777,0.204656,-0.201005026698112,-0.201005026698112,
1778,0.204912,0,-0.201005026698112,
1779,0.205168,0,-0.201005026698112,
1780,0.205424,-0.201005026698112,-0.201005026698112,
1781,0.20568,0,-0.201005026698112,
1782,0.205936,-0.201005026698112,-0.201005026698112,
1783,0.206192,-0.201005026698112,0,
1784,0.206448,-0.201005026698112,0,
1785,0.206704,-0.201005026698112,-0.201005026698112,
1786,0.20696,-0.201005026698112,0,
1787,0.207216,-0.201005026698112,-0.402010053396225,
1788,0.207472,-0.201005026698112,-0.201005026698112,
1789,0.207728,-0.201005026698112,-0.402010053396225,
1790,0.207984,-0.402010053396225,-0.201005026698112,
1791,0.20824,-0.201005026698112,-0.402010053396225,
1792,0.208496,-0.201005026698112,-0.201005026698112,
1793,0.208752,-0.402010053396225,0,
1794,0.209008,-0.201005026698112,0,
1795,0.209264,-0.201005026698112,0,
1796,0.20952,-0.201005026698112,-0.201005026698112,
1797,0.209776,-0.402010053396225,-0.201005026698112,
1798,0.210032,0,-0.402010053396225,
1799,0.210288,-0.201005026698112,-0.402010053396225,
1800,0.210544,-0.201005026698112,-0.201005026698112,
1801,0.2108,0,0,
1802,0.211056,-0.402010053396225,0,
1803,0.211312,-0.201005026698112,0,
1804,0.211568,0,-0.402010053396225,
1805,0.211824,-0.201005026698112,-0.201005026698112,
1806,0.21208,0,0,
1807,0.212336,-0.201005026698112,-0.201005026698112,
1808,0.212592,-0.201005026698112,-0.201005026698112,
1809,0.212848,-0.201005026698112,-0.201005026698112,
1810,0.213104,0,0,
1811,0.21336,-0.201005026698112,-0.402010053396225,
1812,0.213616,0,-0.201005026698112,
1813,0.213872,-0.201005026698112,0,
1814,0.214128,0,-0.201005026698112,
1815,0.214384,-0.201005026698112,0,
1816,0.21464,-0.201005026698112,-0.201005026698112,
1817,0.214896,-0.402010053396225,-0.402010053396225,
1818,0.215152,-0.201005026698112,0,
1819,0.215408,-0.201005026698112,-0.201005026698112,
1820,0.215664,-0.201005026698112,-0.201005026698112,
1821,0.21592,-0.201005026698112,0,
1822,0.216176,0,-0.201005026698112,
1823,0.216432,-0.201005026698112,-0.201005026698112,
1824,0.216688,-0.201005026698112,-0.201005026698112,
1825,0.216944,-0.201005026698112,-0.201005026698112,
1826,0.2172,-0.201005026698112,-0.201005026698112,
1827,0.217456,-0.402010053396225,0,
1828,0.217712,-0.201005026698112,0,
1829,0.217968,-0.201005026698112,-0.201005026698112,
1830,0.218224,-0.402010053396225,-0.201005026698112,
1831,0.21848,-0.201005026698112,-0.201005026698112,
1832,0.218736,0,-0.201005026698112,
1833,0.218992,-0.201005026698112,-0.201005026698112,
1834,0.219248,0,0,
1835,0.219504,-0.201005026698112,-0.201005026698112,
1836,0.21976,-0.201005026698112,-0.402010053396225,
1837,0.220016,0,0,
1838,0.220272,-0.201005026698112,0,
1839,0.220528,-0.201005026698112,-0.201005026698112,
1840,0.220784,0,0.201005026698112,
1841,0.22104,-0.402010053396225,0,
1842,0.221296,-0.402010053396225,-0.201005026698112,
1843,0.221552,-0.201005026698112,-0.402010053396225,
1844,0.221808,-0.201005026698112,-0.201005026698112,
1845,0.222064,-0.402010053396225,-0.201005026698112,
1846,0.22232,-0.201005026698112,-0.201005026698112,
1847,0.222576,0,-0.201005026698112,
1848,0.222832,-0.402010053396225,-0.201005026698112,
1849,0.223088,-0.402010053396225,0,
1850,0.223344,-0.201005026698112,-0.201005026698112,
1851,0.2236,0,-0.201005026698112,
1852,0.223856,-0.201005026698112,-0.201005026698112,
1853,0.224112,-0.201005026698112,-0.201005026698112,
1854,0.224368,-0.201005026698112,-0.201005026698112,
1855,0.224624,-0.201005026698112,0,
1856,0.22488,-0.201005026698112,-0.201005026698112,
1857,0.225136,-0.201005026698112,-0.402010053396225,
1858,0.225392,-0.402010053396225,-0.201005026698112,
1859,0.225648,0,-0.201005026698112,
1860,0.225904,-0.201005026698112,-0.201005026698112,
1861,0.22616,0,-0.201005026698112,
1862,0.226416,-0.201005026698112,-0.201005026698112,
1863,0.226672,-0.201005026698112,-0.201005026698112,
1864,0.226928,-0.603015080094337,-0.201005026698112,
1865,0.227184,-0.402010053396225,-0.201005026698112,
1866,0.22744,-0.402010053396225,-0.201005026698112,
1867,0.227696,-0.201005026698112,0,
1868,0.227952,-0.402010053396225,-0.201005026698112,
1869,0.228208,-0.201005026698112,-0.201005026698112,
1870,0.228464,-0.201005026698112,0,
1871,0.22872,-0.201005026698112,-0.201005026698112,
1872,0.228976,-0.201005026698112,-0.201005026698112,
1873,0.229232,-0.201005026698112,-0.201005026698112,
1874,0.229488,0,-0.201005026698112,
1875,0.229744,-0.201005026698112,0,
1876,0.23,-0.201005026698112,-0.201005026698112,
1877,0.230256,0,-0.201005026698112,
1878,0.230512,0,0,
1879,0.230768,-0.201005026698112,-0.201005026698112,
1880,0.231024,-0.201005026698112,-0.201005026698112,
1881,0.23128,-0.201005026698112,-0.201005026698112,
1882,0.231536,-0.402010053396225,-0.402010053396225,
1883,0.231792,-0.201005026698112,-0.201005026698112,
1884,0.232048,-0.201005026698112,-0.402010053396225,
1885,0.232304,-0.402010053396225,-0.402010053396225,
1886,0.23256,-0.201005026698112,-0.201005026698112,
1887,0.232816,-0.201005026698112,-0.201005026698112,
1888,0.233072,-0.201005026698112,0,
1889,0.233328,-0.201005026698112,-0.201005026698112,
1890,0.233584,-0.201005026698112,-0.201005026698112,
1891,0.23384,-0.201005026698112,-0.201005026698112,
1892,0.234096,-0.201005026698112,-0.201005026698112,
1893,0.234352,-0.201005026698112,-0.201005026698112,
1894,0.234608,-0.201005026698112,-0.201005026698112,
1895,0.234864,-0.201005026698112,0,
1896,0.23512,-0.402010053396225,-0.402010053396225,
1897,0.235376,-0.201005026698112,-0.201005026698112,
1898,0.235632,-0.402010053396225,-0.201005026698112,
1899,0.235888,-0.402010053396225,-0.201005026698112,
1900,0.236144,-0.201005026698112,-0.201005026698112,
1901,0.2364,-0.201005026698112,-0.402010053396225,
1902,0.236656,-0.402010053396225,-0.201005026698112,
1903,0.236912,-0.201005026698112,0,
1904,0.237168,-0.201005026698112,-0.201005026698112,
1905,0.237424,-0.201005026698112,-0.201005026698112,
1906,0.23768,-0.402010053396225,0,
1907,0.237936,0,0,
1908,0.238192,-0.201005026698112,0,
1909,0.238448,-0.201005026698112,0,
1910,0.238704,-0.201005026698112,0,
1911,0.23896,-0.201005026698112,-0.201005026698112,
1912,0.239216,-0.402010053396225,-0.201005026698112,
1913,0.239472,0,-0.201005026698112,
1914,0.239728,0,-0.201005026698112,
1915,0.239984,-0.402010053396225,-0.201005026698112,
1916,0.24024,-0.201005026698112,-0.402010053396225,
1917,0.240496,-0.201005026698112,0,
1918,0.240752,-0.201005026698112,-0.201005026698112,
1919,0.241008,0,-0.402010053396225,
1920,0.241264,0,-0.201005026698112,
1921,0.24152,0,-0.402010053396225,
1922,0.241776,-0.201005026698112,-0.402010053396225,
1923,0.242032,0,-0.402010053396225,
1924,0.242288,0,-0.201005026698112,
1925,0.242544,-0.402010053396225,-0.201005026698112,
1926,0.2428,-0.201005026698112,0,
1927,0.243056,-0.201005026698112,-0.201005026698112,
1928,0.243312,-0.201005026698112,-0.201005026698112,
1929,0.243568,-0.201005026698112,0,
1930,0.243824,0,-0.201005026698112,
1931,0.24408,-0.201005026698112,0,
1932,0.244336,-0.201005026698112,0,
1933,0.244592,0,0,
1934,0.244848,-0.201005026698112,0,
1935,0.245104,-0.201005026698112,-0.201005026698112,
1936,0.24536,-0.201005026698112,-0.201005026698112,
1937,0.245616,0,-0.201005026698112,
1938,0.245872,0,-0.201005026698112,
1939,0.246128,-0.402010053396225,0,
1940,0.246384,-0.201005026698112,-0.201005026698112,
1941,0.24664,-0.201005026698112,-0.201005026698112,
1942,0.246896,-0.201005026698112,-0.201005026698112,
1943,0.247152,-0.201005026698112,-0.201005026698112,
1944,0.247408,-0.402010053396225,0,
1945,0.247664,-0.201005026698112,0,
1946,0.24792,-0.201005026698112,-0.201005026698112,
1947,0.248176,-0.402010053396225,-0.201005026698112,
1948,0.248432,-0.402010053396225,0,
1949,0.248688,-0.201005026698112,-0.201005026698112,
1950,0.248944,-0.201005026698112,-0.201005026698112,
1951,0.2492,0,-0.201005026698112,
1952,0.249456,-0.201005026698112,-0.201005026698112,
1953,0.249712,-0.201005026698112,-0.201005026698112,
